Z80 Macro Assembler ZMA v1.0.19
=====================================================
Programmed by t.hara

  DEFS is DEFINE STRING (default).
  OUTPUT TYPE: BINARY

<< code >>
LINE# |OFFSET|ADDR|MNEMONIC
======+======+====+==================================
     7|      |    |ORG 0x100
------+------+----+----------------------------------
     8|      |    |INCLUDE "lib.asm" begin
     7|      |    |FONT_PTR := 0x0004
      |      |    |  Global integer symbol [FONT_PTR] = 4 (0x4)
------+------+----+----------------------------------
     8|      |    |BDOS := 0x0005
      |      |    |  Global integer symbol [BDOS] = 5 (0x5)
------+------+----+----------------------------------
     9|      |    |CALSLT := 0x001C
      |      |    |  Global integer symbol [CALSLT] = 28 (0x1c)
------+------+----+----------------------------------
    10|      |    |ENASLT := 0x0024
      |      |    |  Global integer symbol [ENASLT] = 36 (0x24)
------+------+----+----------------------------------
    11|      |    |ROM_VERSION := 0x002D
      |      |    |  Global integer symbol [ROM_VERSION] = 45 (0x2d)
------+------+----+----------------------------------
    12|      |    |CHGMOD := 0x005F
      |      |    |  Global integer symbol [CHGMOD] = 95 (0x5f)
------+------+----+----------------------------------
    13|      |    |GTTRIG := 0x00D8
      |      |    |  Global integer symbol [GTTRIG] = 216 (0xd8)
------+------+----+----------------------------------
    14|      |    |KILBUF := 0x0156
      |      |    |  Global integer symbol [KILBUF] = 342 (0x156)
------+------+----+----------------------------------
    15|      |    |CHGCPU := 0x0180
      |      |    |  Global integer symbol [CHGCPU] = 384 (0x180)
------+------+----+----------------------------------
    17|      |    |COMMAND_LINE := 0x005D
      |      |    |  Global integer symbol [COMMAND_LINE] = 93 (0x5d)
------+------+----+----------------------------------
    18|      |    |RAMAD0 := 0xF341
      |      |    |  Global integer symbol [RAMAD0] = 62273 (0xf341)
------+------+----+----------------------------------
    19|      |    |RAMAD1 := 0xF342
      |      |    |  Global integer symbol [RAMAD1] = 62274 (0xf342)
------+------+----+----------------------------------
    20|      |    |RAMAD2 := 0xF343
      |      |    |  Global integer symbol [RAMAD2] = 62275 (0xf343)
------+------+----+----------------------------------
    21|      |    |RAMAD3 := 0xF344
      |      |    |  Global integer symbol [RAMAD3] = 62276 (0xf344)
------+------+----+----------------------------------
    22|      |    |MAIN_ROM_SLOT := 0xFCC1
      |      |    |  Global integer symbol [MAIN_ROM_SLOT] = 64705 (0xfcc1)
------+------+----+----------------------------------
    24|      |    |VDP_PORT0 := 0x98
      |      |    |  Global integer symbol [VDP_PORT0] = 152 (0x98)
------+------+----+----------------------------------
    25|      |    |VDP_PORT1 := 0x99
      |      |    |  Global integer symbol [VDP_PORT1] = 153 (0x99)
------+------+----+----------------------------------
    26|      |    |VDP_PORT2 := 0x9A
      |      |    |  Global integer symbol [VDP_PORT2] = 154 (0x9a)
------+------+----+----------------------------------
    27|      |    |VDP_PORT3 := 0x9B
      |      |    |  Global integer symbol [VDP_PORT3] = 155 (0x9b)
------+------+----+----------------------------------
    29|      |    |FONT_DATA := 0x4000
      |      |    |  Global integer symbol [FONT_DATA] = 16384 (0x4000)
------+------+----+----------------------------------
    32|      |    |_TERM0 := 0x00
      |      |    |  Global integer symbol [_TERM0] = 0 (0x0)
------+------+----+----------------------------------
    33|      |    |_CONIN := 0x01
      |      |    |  Global integer symbol [_CONIN] = 1 (0x1)
------+------+----+----------------------------------
    34|      |    |_CONOUT := 0x02
      |      |    |  Global integer symbol [_CONOUT] = 2 (0x2)
------+------+----+----------------------------------
    35|      |    |_AUXIN := 0x03
      |      |    |  Global integer symbol [_AUXIN] = 3 (0x3)
------+------+----+----------------------------------
    36|      |    |_AUXOUT := 0x04
      |      |    |  Global integer symbol [_AUXOUT] = 4 (0x4)
------+------+----+----------------------------------
    37|      |    |_LSTOUT := 0x05
      |      |    |  Global integer symbol [_LSTOUT] = 5 (0x5)
------+------+----+----------------------------------
    38|      |    |_DIRIO := 0x06
      |      |    |  Global integer symbol [_DIRIO] = 6 (0x6)
------+------+----+----------------------------------
    39|      |    |_DIRIN := 0x07
      |      |    |  Global integer symbol [_DIRIN] = 7 (0x7)
------+------+----+----------------------------------
    40|      |    |_INNOE := 0x08
      |      |    |  Global integer symbol [_INNOE] = 8 (0x8)
------+------+----+----------------------------------
    41|      |    |_STROUT := 0x09
      |      |    |  Global integer symbol [_STROUT] = 9 (0x9)
------+------+----+----------------------------------
    42|      |    |_BUFIN := 0x0A
      |      |    |  Global integer symbol [_BUFIN] = 10 (0xa)
------+------+----+----------------------------------
    43|      |    |_CONST := 0x0B
      |      |    |  Global integer symbol [_CONST] = 11 (0xb)
------+------+----+----------------------------------
    44|      |    |_CPMVER := 0x0C
      |      |    |  Global integer symbol [_CPMVER] = 12 (0xc)
------+------+----+----------------------------------
    45|      |    |_DSKRST := 0x0D
      |      |    |  Global integer symbol [_DSKRST] = 13 (0xd)
------+------+----+----------------------------------
    46|      |    |_SELDSK := 0x0E
      |      |    |  Global integer symbol [_SELDSK] = 14 (0xe)
------+------+----+----------------------------------
    47|      |    |_FOPEN := 0x0F
      |      |    |  Global integer symbol [_FOPEN] = 15 (0xf)
------+------+----+----------------------------------
    48|      |    |_FCLOSE := 0x10
      |      |    |  Global integer symbol [_FCLOSE] = 16 (0x10)
------+------+----+----------------------------------
    49|      |    |_SFIRST := 0x11
      |      |    |  Global integer symbol [_SFIRST] = 17 (0x11)
------+------+----+----------------------------------
    50|      |    |_SNEXT := 0x12
      |      |    |  Global integer symbol [_SNEXT] = 18 (0x12)
------+------+----+----------------------------------
    51|      |    |_FDEL := 0x13
      |      |    |  Global integer symbol [_FDEL] = 19 (0x13)
------+------+----+----------------------------------
    52|      |    |_RDSEQ := 0x14
      |      |    |  Global integer symbol [_RDSEQ] = 20 (0x14)
------+------+----+----------------------------------
    53|      |    |_WRSEQ := 0x15
      |      |    |  Global integer symbol [_WRSEQ] = 21 (0x15)
------+------+----+----------------------------------
    54|      |    |_FMAKE := 0x16
      |      |    |  Global integer symbol [_FMAKE] = 22 (0x16)
------+------+----+----------------------------------
    55|      |    |_FREN := 0x17
      |      |    |  Global integer symbol [_FREN] = 23 (0x17)
------+------+----+----------------------------------
    56|      |    |_LOGIN := 0x18
      |      |    |  Global integer symbol [_LOGIN] = 24 (0x18)
------+------+----+----------------------------------
    57|      |    |_CURDRV := 0x19
      |      |    |  Global integer symbol [_CURDRV] = 25 (0x19)
------+------+----+----------------------------------
    58|      |    |_SETDTA := 0x1A
      |      |    |  Global integer symbol [_SETDTA] = 26 (0x1a)
------+------+----+----------------------------------
    59|      |    |_ALLOC := 0x1B
      |      |    |  Global integer symbol [_ALLOC] = 27 (0x1b)
------+------+----+----------------------------------
    60|      |    |_RDRND := 0x21
      |      |    |  Global integer symbol [_RDRND] = 33 (0x21)
------+------+----+----------------------------------
    61|      |    |_WRRND := 0x22
      |      |    |  Global integer symbol [_WRRND] = 34 (0x22)
------+------+----+----------------------------------
    62|      |    |_FSIZE := 0x23
      |      |    |  Global integer symbol [_FSIZE] = 35 (0x23)
------+------+----+----------------------------------
    63|      |    |_SETRND := 0x24
      |      |    |  Global integer symbol [_SETRND] = 36 (0x24)
------+------+----+----------------------------------
    64|      |    |_WRBLK := 0x26
      |      |    |  Global integer symbol [_WRBLK] = 38 (0x26)
------+------+----+----------------------------------
    65|      |    |_RDBLK := 0x27
      |      |    |  Global integer symbol [_RDBLK] = 39 (0x27)
------+------+----+----------------------------------
    66|      |    |_WRSER := 0x28
      |      |    |  Global integer symbol [_WRSER] = 40 (0x28)
------+------+----+----------------------------------
    67|      |    |_GDATE := 0x2A
      |      |    |  Global integer symbol [_GDATE] = 42 (0x2a)
------+------+----+----------------------------------
    68|      |    |_SDATE := 0x2B
      |      |    |  Global integer symbol [_SDATE] = 43 (0x2b)
------+------+----+----------------------------------
    69|      |    |_GTIME := 0x2C
      |      |    |  Global integer symbol [_GTIME] = 44 (0x2c)
------+------+----+----------------------------------
    70|      |    |_STIME := 0x2D
      |      |    |  Global integer symbol [_STIME] = 45 (0x2d)
------+------+----+----------------------------------
    71|      |    |_VERIFY := 0x2E
      |      |    |  Global integer symbol [_VERIFY] = 46 (0x2e)
------+------+----+----------------------------------
    72|      |    |_RDABS := 0x2F
      |      |    |  Global integer symbol [_RDABS] = 47 (0x2f)
------+------+----+----------------------------------
    73|      |    |_WRABS := 0x30
      |      |    |  Global integer symbol [_WRABS] = 48 (0x30)
------+------+----+----------------------------------
    74|      |    |_DPARM := 0x31
      |      |    |  Global integer symbol [_DPARM] = 49 (0x31)
------+------+----+----------------------------------
    75|      |    |_FFIRST := 0x40
      |      |    |  Global integer symbol [_FFIRST] = 64 (0x40)
------+------+----+----------------------------------
    76|      |    |_FNEXT := 0x41
      |      |    |  Global integer symbol [_FNEXT] = 65 (0x41)
------+------+----+----------------------------------
    77|      |    |_FNEW := 0x42
      |      |    |  Global integer symbol [_FNEW] = 66 (0x42)
------+------+----+----------------------------------
    79|      |    |LOP_IMP := 0
      |      |    |  Global integer symbol [LOP_IMP] = 0 (0x0)
------+------+----+----------------------------------
    80|      |    |LOP_AND := 1
      |      |    |  Global integer symbol [LOP_AND] = 1 (0x1)
------+------+----+----------------------------------
    81|      |    |LOP_OR := 2
      |      |    |  Global integer symbol [LOP_OR] = 2 (0x2)
------+------+----+----------------------------------
    82|      |    |LOP_EOR := 3
      |      |    |  Global integer symbol [LOP_EOR] = 3 (0x3)
------+------+----+----------------------------------
    83|      |    |LOP_NOT := 4
      |      |    |  Global integer symbol [LOP_NOT] = 4 (0x4)
------+------+----+----------------------------------
    84|      |    |LOP_TIMP := 0 + 8
      |      |    |  Global integer symbol [LOP_TIMP] = 8 (0x8)
------+------+----+----------------------------------
    85|      |    |LOP_TAND := 1 + 8
      |      |    |  Global integer symbol [LOP_TAND] = 9 (0x9)
------+------+----+----------------------------------
    86|      |    |LOP_TOR := 2 + 8
      |      |    |  Global integer symbol [LOP_TOR] = 10 (0xa)
------+------+----+----------------------------------
    87|      |    |LOP_TEOR := 3 + 8
      |      |    |  Global integer symbol [LOP_TEOR] = 11 (0xb)
------+------+----+----------------------------------
    88|      |    |LOP_TNOT := 4 + 8
      |      |    |  Global integer symbol [LOP_TNOT] = 12 (0xc)
------+------+----+----------------------------------
   101|      |    |SCOPE INITIAL_PROCESS
      |      |    |  Enter scope: INITIAL_PROCESS:
------+------+----+----------------------------------
   102|      |    |INITIAL_PROCESS ::
      |      |    |  global label [INITIAL_PROCESS] address: 0x000100
------+------+----+----------------------------------
   103|      |    |CALL COPY_ROM_FONT
      |      |    |  Z80:18cyc R800:5cyc
      |000000|0100|  CD 3E 02
------+------+----+----------------------------------
   104|      |    |DI
      |      |    |  Z80:5cyc R800:2cyc
      |000003|0103|  F3
------+------+----+----------------------------------
   106|      |    |LD HL, COMMAND_LINE
      |      |    |  Z80:11cyc R800:3cyc
      |000004|0104|  21 5D 00
------+------+----+----------------------------------
   107|      |    |LD B, 16
      |      |    |  Z80:8cyc R800:2cyc
      |000007|0107|  06 10
------+------+----+----------------------------------
   108|      |    |SEARCH_LOOP :
      |      |    |  label [INITIAL_PROCESS:SEARCH_LOOP] address: 0x000109
------+------+----+----------------------------------
   109|      |    |DEC B
      |      |    |  Z80:5cyc R800:1cyc
      |000009|0109|  05
------+------+----+----------------------------------
   110|      |    |JR Z, EXIT_SEARCH
      |      |    |  Z80:13cyc/8cyc R800:3cyc/2cyc
      |00000A|010A|  28 06
------+------+----+----------------------------------
   111|      |    |LD A, [ HL ]
      |      |    |  Z80:8cyc R800:4cyc
      |00000C|010C|  7E
------+------+----+----------------------------------
   112|      |    |INC HL
      |      |    |  Z80:7cyc R800:1cyc
      |00000D|010D|  23
------+------+----+----------------------------------
   113|      |    |CP A, ' '
      |      |    |  Z80:8cyc R800:2cyc
      |00000E|010E|  FE 20
------+------+----+----------------------------------
   114|      |    |JR Z, SEARCH_LOOP
      |      |    |  Z80:13cyc/8cyc R800:3cyc/2cyc
      |000010|0110|  28 F7
------+------+----+----------------------------------
   115|      |    |EXIT_SEARCH :
      |      |    |  label [INITIAL_PROCESS:EXIT_SEARCH] address: 0x000112
------+------+----+----------------------------------
   116|      |    |CP A, '8'
      |      |    |  Z80:8cyc R800:2cyc
      |000012|0112|  FE 38
------+------+----+----------------------------------
   117|      |    |RET NZ
      |      |    |  Z80:12cyc/6cyc R800:5cyc/1cyc
      |000014|0114|  C0
------+------+----+----------------------------------
   119|      |    |LD HL, UPDATE_TABLE
      |      |    |  Z80:11cyc R800:3cyc
      |000015|0115|  21 27 01
------+------+----+----------------------------------
   120|      |    |UPDATE_LOOP :
      |      |    |  label [INITIAL_PROCESS:UPDATE_LOOP] address: 0x000118
------+------+----+----------------------------------
   122|      |    |LD E, [ HL ]
      |      |    |  Z80:8cyc R800:4cyc
      |000018|0118|  5E
------+------+----+----------------------------------
   123|      |    |INC HL
      |      |    |  Z80:7cyc R800:1cyc
      |000019|0119|  23
------+------+----+----------------------------------
   124|      |    |LD D, [ HL ]
      |      |    |  Z80:8cyc R800:4cyc
      |00001A|011A|  56
------+------+----+----------------------------------
   125|      |    |INC HL
      |      |    |  Z80:7cyc R800:1cyc
      |00001B|011B|  23
------+------+----+----------------------------------
   127|      |    |LD A, E
      |      |    |  Z80:5cyc R800:2cyc
      |00001C|011C|  7B
------+------+----+----------------------------------
   128|      |    |OR A, D
      |      |    |  Z80:5cyc R800:1cyc
      |00001D|011D|  B2
------+------+----+----------------------------------
   129|      |    |RET Z
      |      |    |  Z80:12cyc/6cyc R800:5cyc/1cyc
      |00001E|011E|  C8
------+------+----+----------------------------------
   131|      |    |EX DE, HL
      |      |    |  Z80:5cyc R800:1cyc
      |00001F|011F|  EB
------+------+----+----------------------------------
   132|      |    |LD A, [ HL ]
      |      |    |  Z80:8cyc R800:4cyc
      |000020|0120|  7E
------+------+----+----------------------------------
   133|      |    |AND A, 0x8F
      |      |    |  Z80:8cyc R800:2cyc
      |000021|0121|  E6 8F
------+------+----+----------------------------------
   134|      |    |LD [ HL ], A
      |      |    |  Z80:8cyc R800:4cyc
      |000023|0123|  77
------+------+----+----------------------------------
   135|      |    |EX DE, HL
      |      |    |  Z80:5cyc R800:1cyc
      |000024|0124|  EB
------+------+----+----------------------------------
   136|      |    |JR UPDATE_LOOP
      |      |    |  Z80:13cyc R800:3cyc
      |000025|0125|  18 F1
------+------+----+----------------------------------
   137|      |    |UPDATE_TABLE :
      |      |    |  label [INITIAL_PROCESS:UPDATE_TABLE] address: 0x000127
------+------+----+----------------------------------
   138|      |    |DW IO_VDP_PORT0
      |000027|0127|  5B 01
------+------+----+----------------------------------
   139|      |    |DW IO_VDP_PORT1
      |000029|0129|  5C 01
------+------+----+----------------------------------
   140|      |    |DW IO_VDP_PORT2
      |00002B|012B|  5D 01
------+------+----+----------------------------------
   141|      |    |DW IO_VDP_PORT3
      |00002D|012D|  5E 01
------+------+----+----------------------------------
   142|      |    |DW IO_VDP_PORT4
      |00002F|012F|  5F 01
------+------+----+----------------------------------
   143|      |    |DW P_VDP_PORT0
      |000031|0131|  76 01
------+------+----+----------------------------------
   144|      |    |DW P_VDP_PORT1
      |000033|0133|  7D 01
------+------+----+----------------------------------
   145|      |    |DW P_VDP_PORT2
      |000035|0135|  95 01
------+------+----+----------------------------------
   146|      |    |DW P_VDP_PORT3
      |000037|0137|  9A 01
------+------+----+----------------------------------
   147|      |    |DW P_VDP_PORT4
      |000039|0139|  9D 01
------+------+----+----------------------------------
   148|      |    |DW P_VDP_PORT5
      |00003B|013B|  A4 01
------+------+----+----------------------------------
   149|      |    |DW P_VDP_PORT6
      |00003D|013D|  A7 01
------+------+----+----------------------------------
   150|      |    |DW P_VDP_PORT7
      |00003F|013F|  AA 01
------+------+----+----------------------------------
   151|      |    |DW P_VDP_PORT8
      |000041|0141|  B7 01
------+------+----+----------------------------------
   152|      |    |DW P_VDP_PORT9
      |000043|0143|  BB 01
------+------+----+----------------------------------
   153|      |    |DW P_VDP_PORT10
      |000045|0145|  BD 01
------+------+----+----------------------------------
   154|      |    |DW P_VDP_PORT11
      |000047|0147|  C1 01
------+------+----+----------------------------------
   155|      |    |DW P_VDP_PORT12
      |000049|0149|  C5 01
------+------+----+----------------------------------
   156|      |    |DW P_VDP_PORT13
      |00004B|014B|  C8 01
------+------+----+----------------------------------
   157|      |    |DW P_VDP_PORT14
      |00004D|014D|  CB 01
------+------+----+----------------------------------
   158|      |    |DW P_VDP_PORT15
      |00004F|014F|  CE 01
------+------+----+----------------------------------
   159|      |    |DW P_VDP_PORT16
      |000051|0151|  CB 04
------+------+----+----------------------------------
   160|      |    |DW P_VDP_PORT17
      |000053|0153|  AD 01
------+------+----+----------------------------------
   161|      |    |DW P_VDP_PORT18
      |000055|0155|  B0 01
------+------+----+----------------------------------
   162|      |    |DW P_VDP_PORT19
      |000057|0157|  B3 01
------+------+----+----------------------------------
   163|      |    |DW 0
      |000059|0159|  00 00
------+------+----+----------------------------------
   164|      |    |IO_VDP_PORT0 ::
      |      |    |  global label [IO_VDP_PORT0] address: 0x00015b
------+------+----+----------------------------------
   165|      |    |DB 0x98
      |00005B|015B|  98
------+------+----+----------------------------------
   166|      |    |IO_VDP_PORT1 ::
      |      |    |  global label [IO_VDP_PORT1] address: 0x00015c
------+------+----+----------------------------------
   167|      |    |DB 0x99
      |00005C|015C|  99
------+------+----+----------------------------------
   168|      |    |IO_VDP_PORT2 ::
      |      |    |  global label [IO_VDP_PORT2] address: 0x00015d
------+------+----+----------------------------------
   169|      |    |DB 0x9A
      |00005D|015D|  9A
------+------+----+----------------------------------
   170|      |    |IO_VDP_PORT3 ::
      |      |    |  global label [IO_VDP_PORT3] address: 0x00015e
------+------+----+----------------------------------
   171|      |    |DB 0x9B
      |00005E|015E|  9B
------+------+----+----------------------------------
   172|      |    |IO_VDP_PORT4 ::
      |      |    |  global label [IO_VDP_PORT4] address: 0x00015f
------+------+----+----------------------------------
   173|      |    |DB 0x9C
      |00005F|015F|  9C
------+------+----+----------------------------------
   174|      |    |ENDSCOPE
      |      |    |  Exit scope: INITIAL_PROCESS:
------+------+----+----------------------------------
   188|      |    |SCOPE SET_VRAM_WRITE_ADDRESS
      |      |    |  Enter scope: SET_VRAM_WRITE_ADDRESS:
------+------+----+----------------------------------
   189|      |    |SET_VRAM_WRITE_ADDRESS ::
      |      |    |  global label [SET_VRAM_WRITE_ADDRESS] address: 0x000160
------+------+----+----------------------------------
   190|      |    |PUSH DE
      |      |    |  Z80:12cyc R800:6cyc
      |000060|0160|  D5
------+------+----+----------------------------------
   191|      |    |PUSH HL
      |      |    |  Z80:12cyc R800:6cyc
      |000061|0161|  E5
------+------+----+----------------------------------
   192|      |    |LD A, [ VRAM_BIT16 ]
      |      |    |  Z80:14cyc R800:6cyc
      |000062|0162|  3A E6 04
------+------+----+----------------------------------
   193|      |    |RL H
      |      |    |  Z80:10cyc R800:2cyc
      |000065|0165|  CB 14
------+------+----+----------------------------------
   194|      |    |RL A
      |      |    |  Z80:10cyc R800:2cyc
      |000067|0167|  CB 17
------+------+----+----------------------------------
   195|      |    |RL H
      |      |    |  Z80:10cyc R800:2cyc
      |000069|0169|  CB 14
------+------+----+----------------------------------
   196|      |    |RL A
      |      |    |  Z80:10cyc R800:2cyc
      |00006B|016B|  CB 17
------+------+----+----------------------------------
   197|      |    |LD E, 14
      |      |    |  Z80:8cyc R800:2cyc
      |00006D|016D|  1E 0E
------+------+----+----------------------------------
   198|      |    |CALL WRITE_CONTROL_REGISTER
      |      |    |  Z80:18cyc R800:5cyc
      |00006F|016F|  CD 9C 01
------+------+----+----------------------------------
   199|      |    |POP HL
      |      |    |  Z80:11cyc R800:5cyc
      |000072|0172|  E1
------+------+----+----------------------------------
   200|      |    |POP DE
      |      |    |  Z80:11cyc R800:5cyc
      |000073|0173|  D1
------+------+----+----------------------------------
   201|      |    |LD A, L
      |      |    |  Z80:5cyc R800:2cyc
      |000074|0174|  7D
------+------+----+----------------------------------
   202|      |    |P_VDP_PORT0 := $ + 1
      |      |    |  Global integer symbol [P_VDP_PORT0] = 374 (0x176)
------+------+----+----------------------------------
   203|      |    |OUT [ VDP_PORT1 ], A
      |      |    |  Z80:12cyc R800:10cyc/9cyc
      |000075|0175|  D3 99
------+------+----+----------------------------------
   204|      |    |LD A, H
      |      |    |  Z80:5cyc R800:2cyc
      |000077|0177|  7C
------+------+----+----------------------------------
   205|      |    |AND A, 0x3F
      |      |    |  Z80:8cyc R800:2cyc
      |000078|0178|  E6 3F
------+------+----+----------------------------------
   206|      |    |OR A, 0x40
      |      |    |  Z80:8cyc R800:2cyc
      |00007A|017A|  F6 40
------+------+----+----------------------------------
   207|      |    |P_VDP_PORT1 := $ + 1
      |      |    |  Global integer symbol [P_VDP_PORT1] = 381 (0x17d)
------+------+----+----------------------------------
   208|      |    |OUT [ VDP_PORT1 ], A
      |      |    |  Z80:12cyc R800:10cyc/9cyc
      |00007C|017C|  D3 99
------+------+----+----------------------------------
   209|      |    |RET
      |      |    |  Z80:11cyc R800:5cyc
      |00007E|017E|  C9
------+------+----+----------------------------------
   210|      |    |ENDSCOPE
      |      |    |  Exit scope: SET_VRAM_WRITE_ADDRESS:
------+------+----+----------------------------------
   224|      |    |SCOPE SET_VRAM_READ_ADDRESS
      |      |    |  Enter scope: SET_VRAM_READ_ADDRESS:
------+------+----+----------------------------------
   225|      |    |SET_VRAM_READ_ADDRESS ::
      |      |    |  global label [SET_VRAM_READ_ADDRESS] address: 0x00017f
------+------+----+----------------------------------
   226|      |    |PUSH DE
      |      |    |  Z80:12cyc R800:6cyc
      |00007F|017F|  D5
------+------+----+----------------------------------
   227|      |    |PUSH HL
      |      |    |  Z80:12cyc R800:6cyc
      |000080|0180|  E5
------+------+----+----------------------------------
   228|      |    |LD A, [ VRAM_BIT16 ]
      |      |    |  Z80:14cyc R800:6cyc
      |000081|0181|  3A E6 04
------+------+----+----------------------------------
   229|      |    |RL H
      |      |    |  Z80:10cyc R800:2cyc
      |000084|0184|  CB 14
------+------+----+----------------------------------
   230|      |    |RL A
      |      |    |  Z80:10cyc R800:2cyc
      |000086|0186|  CB 17
------+------+----+----------------------------------
   231|      |    |RL H
      |      |    |  Z80:10cyc R800:2cyc
      |000088|0188|  CB 14
------+------+----+----------------------------------
   232|      |    |RL A
      |      |    |  Z80:10cyc R800:2cyc
      |00008A|018A|  CB 17
------+------+----+----------------------------------
   233|      |    |LD E, 14
      |      |    |  Z80:8cyc R800:2cyc
      |00008C|018C|  1E 0E
------+------+----+----------------------------------
   234|      |    |CALL WRITE_CONTROL_REGISTER
      |      |    |  Z80:18cyc R800:5cyc
      |00008E|018E|  CD 9C 01
------+------+----+----------------------------------
   235|      |    |POP HL
      |      |    |  Z80:11cyc R800:5cyc
      |000091|0191|  E1
------+------+----+----------------------------------
   236|      |    |POP DE
      |      |    |  Z80:11cyc R800:5cyc
      |000092|0192|  D1
------+------+----+----------------------------------
   237|      |    |LD A, L
      |      |    |  Z80:5cyc R800:2cyc
      |000093|0193|  7D
------+------+----+----------------------------------
   238|      |    |P_VDP_PORT2 := $ + 1
      |      |    |  Global integer symbol [P_VDP_PORT2] = 405 (0x195)
------+------+----+----------------------------------
   239|      |    |OUT [ VDP_PORT1 ], A
      |      |    |  Z80:12cyc R800:10cyc/9cyc
      |000094|0194|  D3 99
------+------+----+----------------------------------
   240|      |    |LD A, H
      |      |    |  Z80:5cyc R800:2cyc
      |000096|0196|  7C
------+------+----+----------------------------------
   241|      |    |AND A, 0x3F
      |      |    |  Z80:8cyc R800:2cyc
      |000097|0197|  E6 3F
------+------+----+----------------------------------
   242|      |    |P_VDP_PORT3 := $ + 1
      |      |    |  Global integer symbol [P_VDP_PORT3] = 410 (0x19a)
------+------+----+----------------------------------
   243|      |    |OUT [ VDP_PORT1 ], A
      |      |    |  Z80:12cyc R800:10cyc/9cyc
      |000099|0199|  D3 99
------+------+----+----------------------------------
   244|      |    |RET
      |      |    |  Z80:11cyc R800:5cyc
      |00009B|019B|  C9
------+------+----+----------------------------------
   245|      |    |ENDSCOPE
      |      |    |  Exit scope: SET_VRAM_READ_ADDRESS:
------+------+----+----------------------------------
   259|      |    |SCOPE WRITE_CONTROL_REGISTER
      |      |    |  Enter scope: WRITE_CONTROL_REGISTER:
------+------+----+----------------------------------
   260|      |    |WRITE_CONTROL_REGISTER ::
      |      |    |  global label [WRITE_CONTROL_REGISTER] address: 0x00019c
------+------+----+----------------------------------
   261|      |    |P_VDP_PORT4 := $ + 1
      |      |    |  Global integer symbol [P_VDP_PORT4] = 413 (0x19d)
------+------+----+----------------------------------
   262|      |    |OUT [ VDP_PORT1 ], A
      |      |    |  Z80:12cyc R800:10cyc/9cyc
      |00009C|019C|  D3 99
------+------+----+----------------------------------
   263|      |    |LD A, E
      |      |    |  Z80:5cyc R800:2cyc
      |00009E|019E|  7B
------+------+----+----------------------------------
   264|      |    |AND A, 0x3F
      |      |    |  Z80:8cyc R800:2cyc
      |00009F|019F|  E6 3F
------+------+----+----------------------------------
   265|      |    |OR A, 0x80
      |      |    |  Z80:8cyc R800:2cyc
      |0000A1|01A1|  F6 80
------+------+----+----------------------------------
   266|      |    |P_VDP_PORT5 := $ + 1
      |      |    |  Global integer symbol [P_VDP_PORT5] = 420 (0x1a4)
------+------+----+----------------------------------
   267|      |    |OUT [ VDP_PORT1 ], A
      |      |    |  Z80:12cyc R800:10cyc/9cyc
      |0000A3|01A3|  D3 99
------+------+----+----------------------------------
   268|      |    |RET
      |      |    |  Z80:11cyc R800:5cyc
      |0000A5|01A5|  C9
------+------+----+----------------------------------
   269|      |    |ENDSCOPE
      |      |    |  Exit scope: WRITE_CONTROL_REGISTER:
------+------+----+----------------------------------
   283|      |    |SCOPE WRITE_PALETTE
      |      |    |  Enter scope: WRITE_PALETTE:
------+------+----+----------------------------------
   284|      |    |WRITE_PALETTE ::
      |      |    |  global label [WRITE_PALETTE] address: 0x0001a6
------+------+----+----------------------------------
   285|      |    |P_VDP_PORT6 := $ + 1
      |      |    |  Global integer symbol [P_VDP_PORT6] = 423 (0x1a7)
------+------+----+----------------------------------
   286|      |    |OUT [ VDP_PORT2 ], A
      |      |    |  Z80:12cyc R800:10cyc/9cyc
      |0000A6|01A6|  D3 9A
------+------+----+----------------------------------
   287|      |    |LD A, E
      |      |    |  Z80:5cyc R800:2cyc
      |0000A8|01A8|  7B
------+------+----+----------------------------------
   288|      |    |P_VDP_PORT7 := $ + 1
      |      |    |  Global integer symbol [P_VDP_PORT7] = 426 (0x1aa)
------+------+----+----------------------------------
   289|      |    |OUT [ VDP_PORT2 ], A
      |      |    |  Z80:12cyc R800:10cyc/9cyc
      |0000A9|01A9|  D3 9A
------+------+----+----------------------------------
   290|      |    |RET
      |      |    |  Z80:11cyc R800:5cyc
      |0000AB|01AB|  C9
------+------+----+----------------------------------
   291|      |    |ENDSCOPE
      |      |    |  Exit scope: WRITE_PALETTE:
------+------+----+----------------------------------
   306|      |    |SCOPE WRITE_PALETTE555
      |      |    |  Enter scope: WRITE_PALETTE555:
------+------+----+----------------------------------
   307|      |    |WRITE_PALETTE555 ::
      |      |    |  global label [WRITE_PALETTE555] address: 0x0001ac
------+------+----+----------------------------------
   308|      |    |P_VDP_PORT17 := $ + 1
      |      |    |  Global integer symbol [P_VDP_PORT17] = 429 (0x1ad)
------+------+----+----------------------------------
   309|      |    |OUT [ VDP_PORT2 ], A
      |      |    |  Z80:12cyc R800:10cyc/9cyc
      |0000AC|01AC|  D3 9A
------+------+----+----------------------------------
   310|      |    |LD A, E
      |      |    |  Z80:5cyc R800:2cyc
      |0000AE|01AE|  7B
------+------+----+----------------------------------
   311|      |    |P_VDP_PORT18 := $ + 1
      |      |    |  Global integer symbol [P_VDP_PORT18] = 432 (0x1b0)
------+------+----+----------------------------------
   312|      |    |OUT [ VDP_PORT2 ], A
      |      |    |  Z80:12cyc R800:10cyc/9cyc
      |0000AF|01AF|  D3 9A
------+------+----+----------------------------------
   313|      |    |LD A, D
      |      |    |  Z80:5cyc R800:2cyc
      |0000B1|01B1|  7A
------+------+----+----------------------------------
   314|      |    |P_VDP_PORT19 := $ + 1
      |      |    |  Global integer symbol [P_VDP_PORT19] = 435 (0x1b3)
------+------+----+----------------------------------
   315|      |    |OUT [ VDP_PORT2 ], A
      |      |    |  Z80:12cyc R800:10cyc/9cyc
      |0000B2|01B2|  D3 9A
------+------+----+----------------------------------
   316|      |    |RET
      |      |    |  Z80:11cyc R800:5cyc
      |0000B4|01B4|  C9
------+------+----+----------------------------------
   317|      |    |ENDSCOPE
      |      |    |  Exit scope: WRITE_PALETTE555:
------+------+----+----------------------------------
   330|      |    |SCOPE READ_STATUS_REGISTER
      |      |    |  Enter scope: READ_STATUS_REGISTER:
------+------+----+----------------------------------
   331|      |    |READ_STATUS_REGISTER ::
      |      |    |  global label [READ_STATUS_REGISTER] address: 0x0001b5
------+------+----+----------------------------------
   332|      |    |LD A, E
      |      |    |  Z80:5cyc R800:2cyc
      |0000B5|01B5|  7B
------+------+----+----------------------------------
   333|      |    |P_VDP_PORT8 := $ + 1
      |      |    |  Global integer symbol [P_VDP_PORT8] = 439 (0x1b7)
------+------+----+----------------------------------
   334|      |    |OUT [ VDP_PORT1 ], A
      |      |    |  Z80:12cyc R800:10cyc/9cyc
      |0000B6|01B6|  D3 99
------+------+----+----------------------------------
   335|      |    |LD A, 0x8F
      |      |    |  Z80:8cyc R800:2cyc
      |0000B8|01B8|  3E 8F
------+------+----+----------------------------------
   336|      |    |P_VDP_PORT9 := $ + 1
      |      |    |  Global integer symbol [P_VDP_PORT9] = 443 (0x1bb)
------+------+----+----------------------------------
   337|      |    |OUT [ VDP_PORT1 ], A
      |      |    |  Z80:12cyc R800:10cyc/9cyc
      |0000BA|01BA|  D3 99
------+------+----+----------------------------------
   338|      |    |P_VDP_PORT10 := $ + 1
      |      |    |  Global integer symbol [P_VDP_PORT10] = 445 (0x1bd)
------+------+----+----------------------------------
   339|      |    |IN A, [ VDP_PORT1 ]
      |      |    |  Z80:12cyc R800:10cyc/9cyc
      |0000BC|01BC|  DB 99
------+------+----+----------------------------------
   340|      |    |LD E, A
      |      |    |  Z80:5cyc R800:2cyc
      |0000BE|01BE|  5F
------+------+----+----------------------------------
   341|      |    |XOR A, A
      |      |    |  Z80:5cyc R800:1cyc
      |0000BF|01BF|  AF
------+------+----+----------------------------------
   342|      |    |P_VDP_PORT11 := $ + 1
      |      |    |  Global integer symbol [P_VDP_PORT11] = 449 (0x1c1)
------+------+----+----------------------------------
   343|      |    |OUT [ VDP_PORT1 ], A
      |      |    |  Z80:12cyc R800:10cyc/9cyc
      |0000C0|01C0|  D3 99
------+------+----+----------------------------------
   344|      |    |LD A, 0x8F
      |      |    |  Z80:8cyc R800:2cyc
      |0000C2|01C2|  3E 8F
------+------+----+----------------------------------
   345|      |    |P_VDP_PORT12 := $ + 1
      |      |    |  Global integer symbol [P_VDP_PORT12] = 453 (0x1c5)
------+------+----+----------------------------------
   346|      |    |OUT [ VDP_PORT1 ], A
      |      |    |  Z80:12cyc R800:10cyc/9cyc
      |0000C4|01C4|  D3 99
------+------+----+----------------------------------
   347|      |    |RET
      |      |    |  Z80:11cyc R800:5cyc
      |0000C6|01C6|  C9
------+------+----+----------------------------------
   348|      |    |ENDSCOPE
      |      |    |  Exit scope: READ_STATUS_REGISTER:
------+------+----+----------------------------------
   361|      |    |SCOPE READ_VRAM
      |      |    |  Enter scope: READ_VRAM:
------+------+----+----------------------------------
   362|      |    |READ_VRAM ::
      |      |    |  global label [READ_VRAM] address: 0x0001c7
------+------+----+----------------------------------
   363|      |    |P_VDP_PORT13 := $ + 1
      |      |    |  Global integer symbol [P_VDP_PORT13] = 456 (0x1c8)
------+------+----+----------------------------------
   364|      |    |IN A, [ VDP_PORT0 ]
      |      |    |  Z80:12cyc R800:10cyc/9cyc
      |0000C7|01C7|  DB 98
------+------+----+----------------------------------
   365|      |    |RET
      |      |    |  Z80:11cyc R800:5cyc
      |0000C9|01C9|  C9
------+------+----+----------------------------------
   366|      |    |ENDSCOPE
      |      |    |  Exit scope: READ_VRAM:
------+------+----+----------------------------------
   379|      |    |SCOPE WRITE_VRAM
      |      |    |  Enter scope: WRITE_VRAM:
------+------+----+----------------------------------
   380|      |    |WRITE_VRAM ::
      |      |    |  global label [WRITE_VRAM] address: 0x0001ca
------+------+----+----------------------------------
   381|      |    |P_VDP_PORT14 := $ + 1
      |      |    |  Global integer symbol [P_VDP_PORT14] = 459 (0x1cb)
------+------+----+----------------------------------
   382|      |    |OUT [ VDP_PORT0 ], A
      |      |    |  Z80:12cyc R800:10cyc/9cyc
      |0000CA|01CA|  D3 98
------+------+----+----------------------------------
   383|      |    |RET
      |      |    |  Z80:11cyc R800:5cyc
      |0000CC|01CC|  C9
------+------+----+----------------------------------
   384|      |    |ENDSCOPE
      |      |    |  Exit scope: WRITE_VRAM:
------+------+----+----------------------------------
   397|      |    |SCOPE WRITE_REGISTER
      |      |    |  Enter scope: WRITE_REGISTER:
------+------+----+----------------------------------
   398|      |    |WRITE_REGISTER ::
      |      |    |  global label [WRITE_REGISTER] address: 0x0001cd
------+------+----+----------------------------------
   399|      |    |P_VDP_PORT15 := $ + 1
      |      |    |  Global integer symbol [P_VDP_PORT15] = 462 (0x1ce)
------+------+----+----------------------------------
   400|      |    |OUT [ VDP_PORT3 ], A
      |      |    |  Z80:12cyc R800:10cyc/9cyc
      |0000CD|01CD|  D3 9B
------+------+----+----------------------------------
   401|      |    |RET
      |      |    |  Z80:11cyc R800:5cyc
      |0000CF|01CF|  C9
------+------+----+----------------------------------
   402|      |    |ENDSCOPE
      |      |    |  Exit scope: WRITE_REGISTER:
------+------+----+----------------------------------
   415|      |    |SCOPE SET_PATTERN_NAME_TABLE
      |      |    |  Enter scope: SET_PATTERN_NAME_TABLE:
------+------+----+----------------------------------
   416|      |    |SET_PATTERN_NAME_TABLE ::
      |      |    |  global label [SET_PATTERN_NAME_TABLE] address: 0x0001d0
------+------+----+----------------------------------
   418|      |    |LD A, H
      |      |    |  Z80:5cyc R800:2cyc
      |0000D0|01D0|  7C
------+------+----+----------------------------------
   419|      |    |SRL A
      |      |    |  Z80:10cyc R800:2cyc
      |0000D1|01D1|  CB 3F
------+------+----+----------------------------------
   420|      |    |SRL A
      |      |    |  Z80:10cyc R800:2cyc
      |0000D3|01D3|  CB 3F
------+------+----+----------------------------------
   421|      |    |LD E, 2
      |      |    |  Z80:8cyc R800:2cyc
      |0000D5|01D5|  1E 02
------+------+----+----------------------------------
   422|      |    |JP WRITE_CONTROL_REGISTER
      |      |    |  Z80:11cyc R800:5cyc
      |0000D7|01D7|  C3 9C 01
------+------+----+----------------------------------
   423|      |    |ENDSCOPE
      |      |    |  Exit scope: SET_PATTERN_NAME_TABLE:
------+------+----+----------------------------------
   436|      |    |SCOPE SET_COLOR_TABLE
      |      |    |  Enter scope: SET_COLOR_TABLE:
------+------+----+----------------------------------
   437|      |    |SET_COLOR_TABLE ::
      |      |    |  global label [SET_COLOR_TABLE] address: 0x0001da
------+------+----+----------------------------------
   438|      |    |SRL H
      |      |    |  Z80:10cyc R800:2cyc
      |0000DA|01DA|  CB 3C
------+------+----+----------------------------------
   439|      |    |RR L
      |      |    |  Z80:10cyc R800:2cyc
      |0000DC|01DC|  CB 1D
------+------+----+----------------------------------
   440|      |    |SRL H
      |      |    |  Z80:10cyc R800:2cyc
      |0000DE|01DE|  CB 3C
------+------+----+----------------------------------
   441|      |    |RR L
      |      |    |  Z80:10cyc R800:2cyc
      |0000E0|01E0|  CB 1D
------+------+----+----------------------------------
   442|      |    |SRL H
      |      |    |  Z80:10cyc R800:2cyc
      |0000E2|01E2|  CB 3C
------+------+----+----------------------------------
   443|      |    |RR L
      |      |    |  Z80:10cyc R800:2cyc
      |0000E4|01E4|  CB 1D
------+------+----+----------------------------------
   444|      |    |SRL H
      |      |    |  Z80:10cyc R800:2cyc
      |0000E6|01E6|  CB 3C
------+------+----+----------------------------------
   445|      |    |RR L
      |      |    |  Z80:10cyc R800:2cyc
      |0000E8|01E8|  CB 1D
------+------+----+----------------------------------
   446|      |    |SRL H
      |      |    |  Z80:10cyc R800:2cyc
      |0000EA|01EA|  CB 3C
------+------+----+----------------------------------
   447|      |    |RR L
      |      |    |  Z80:10cyc R800:2cyc
      |0000EC|01EC|  CB 1D
------+------+----+----------------------------------
   448|      |    |SRL H
      |      |    |  Z80:10cyc R800:2cyc
      |0000EE|01EE|  CB 3C
------+------+----+----------------------------------
   449|      |    |RR L
      |      |    |  Z80:10cyc R800:2cyc
      |0000F0|01F0|  CB 1D
------+------+----+----------------------------------
   450|      |    |LD A, L
      |      |    |  Z80:5cyc R800:2cyc
      |0000F2|01F2|  7D
------+------+----+----------------------------------
   451|      |    |LD E, 3
      |      |    |  Z80:8cyc R800:2cyc
      |0000F3|01F3|  1E 03
------+------+----+----------------------------------
   452|      |    |CALL WRITE_CONTROL_REGISTER
      |      |    |  Z80:18cyc R800:5cyc
      |0000F5|01F5|  CD 9C 01
------+------+----+----------------------------------
   453|      |    |LD A, H
      |      |    |  Z80:5cyc R800:2cyc
      |0000F8|01F8|  7C
------+------+----+----------------------------------
   454|      |    |LD E, 10
      |      |    |  Z80:8cyc R800:2cyc
      |0000F9|01F9|  1E 0A
------+------+----+----------------------------------
   455|      |    |JP WRITE_CONTROL_REGISTER
      |      |    |  Z80:11cyc R800:5cyc
      |0000FB|01FB|  C3 9C 01
------+------+----+----------------------------------
   456|      |    |ENDSCOPE
      |      |    |  Exit scope: SET_COLOR_TABLE:
------+------+----+----------------------------------
   469|      |    |SCOPE SET_SPRITE_ATTRIBUTE_TABLE
      |      |    |  Enter scope: SET_SPRITE_ATTRIBUTE_TABLE:
------+------+----+----------------------------------
   470|      |    |SET_SPRITE_ATTRIBUTE_TABLE ::
      |      |    |  global label [SET_SPRITE_ATTRIBUTE_TABLE] address: 0x0001fe
------+------+----+----------------------------------
   471|      |    |SRL H
      |      |    |  Z80:10cyc R800:2cyc
      |0000FE|01FE|  CB 3C
------+------+----+----------------------------------
   472|      |    |RR L
      |      |    |  Z80:10cyc R800:2cyc
      |000100|0200|  CB 1D
------+------+----+----------------------------------
   473|      |    |SRL H
      |      |    |  Z80:10cyc R800:2cyc
      |000102|0202|  CB 3C
------+------+----+----------------------------------
   474|      |    |RR L
      |      |    |  Z80:10cyc R800:2cyc
      |000104|0204|  CB 1D
------+------+----+----------------------------------
   475|      |    |SRL H
      |      |    |  Z80:10cyc R800:2cyc
      |000106|0206|  CB 3C
------+------+----+----------------------------------
   476|      |    |RR L
      |      |    |  Z80:10cyc R800:2cyc
      |000108|0208|  CB 1D
------+------+----+----------------------------------
   477|      |    |SRL H
      |      |    |  Z80:10cyc R800:2cyc
      |00010A|020A|  CB 3C
------+------+----+----------------------------------
   478|      |    |RR L
      |      |    |  Z80:10cyc R800:2cyc
      |00010C|020C|  CB 1D
------+------+----+----------------------------------
   479|      |    |SRL H
      |      |    |  Z80:10cyc R800:2cyc
      |00010E|020E|  CB 3C
------+------+----+----------------------------------
   480|      |    |RR L
      |      |    |  Z80:10cyc R800:2cyc
      |000110|0210|  CB 1D
------+------+----+----------------------------------
   481|      |    |SRL H
      |      |    |  Z80:10cyc R800:2cyc
      |000112|0212|  CB 3C
------+------+----+----------------------------------
   482|      |    |RR L
      |      |    |  Z80:10cyc R800:2cyc
      |000114|0214|  CB 1D
------+------+----+----------------------------------
   483|      |    |SRL H
      |      |    |  Z80:10cyc R800:2cyc
      |000116|0216|  CB 3C
------+------+----+----------------------------------
   484|      |    |RR L
      |      |    |  Z80:10cyc R800:2cyc
      |000118|0218|  CB 1D
------+------+----+----------------------------------
   485|      |    |LD A, L
      |      |    |  Z80:5cyc R800:2cyc
      |00011A|021A|  7D
------+------+----+----------------------------------
   486|      |    |LD E, 5
      |      |    |  Z80:8cyc R800:2cyc
      |00011B|021B|  1E 05
------+------+----+----------------------------------
   487|      |    |CALL WRITE_CONTROL_REGISTER
      |      |    |  Z80:18cyc R800:5cyc
      |00011D|021D|  CD 9C 01
------+------+----+----------------------------------
   488|      |    |LD A, H
      |      |    |  Z80:5cyc R800:2cyc
      |000120|0220|  7C
------+------+----+----------------------------------
   489|      |    |LD E, 11
      |      |    |  Z80:8cyc R800:2cyc
      |000121|0221|  1E 0B
------+------+----+----------------------------------
   490|      |    |JP WRITE_CONTROL_REGISTER
      |      |    |  Z80:11cyc R800:5cyc
      |000123|0223|  C3 9C 01
------+------+----+----------------------------------
   491|      |    |ENDSCOPE
      |      |    |  Exit scope: SET_SPRITE_ATTRIBUTE_TABLE:
------+------+----+----------------------------------
   504|      |    |SCOPE SET_SPRITE_PATTERN_GENERATOR_TABLE
      |      |    |  Enter scope: SET_SPRITE_PATTERN_GENERATOR_TABLE:
------+------+----+----------------------------------
   505|      |    |SET_SPRITE_PATTERN_GENERATOR_TABLE ::
      |      |    |  global label [SET_SPRITE_PATTERN_GENERATOR_TABLE] address: 0x000226
------+------+----+----------------------------------
   506|      |    |SRL H
      |      |    |  Z80:10cyc R800:2cyc
      |000126|0226|  CB 3C
------+------+----+----------------------------------
   507|      |    |SRL H
      |      |    |  Z80:10cyc R800:2cyc
      |000128|0228|  CB 3C
------+------+----+----------------------------------
   508|      |    |SRL H
      |      |    |  Z80:10cyc R800:2cyc
      |00012A|022A|  CB 3C
------+------+----+----------------------------------
   509|      |    |LD A, H
      |      |    |  Z80:5cyc R800:2cyc
      |00012C|022C|  7C
------+------+----+----------------------------------
   510|      |    |LD E, 6
      |      |    |  Z80:8cyc R800:2cyc
      |00012D|022D|  1E 06
------+------+----+----------------------------------
   511|      |    |JP WRITE_CONTROL_REGISTER
      |      |    |  Z80:11cyc R800:5cyc
      |00012F|022F|  C3 9C 01
------+------+----+----------------------------------
   512|      |    |ENDSCOPE
      |      |    |  Exit scope: SET_SPRITE_PATTERN_GENERATOR_TABLE:
------+------+----+----------------------------------
   525|      |    |SCOPE SET_PATTERN_GENERATOR_TABLE
      |      |    |  Enter scope: SET_PATTERN_GENERATOR_TABLE:
------+------+----+----------------------------------
   526|      |    |SET_PATTERN_GENERATOR_TABLE ::
      |      |    |  global label [SET_PATTERN_GENERATOR_TABLE] address: 0x000232
------+------+----+----------------------------------
   528|      |    |LD A, H
      |      |    |  Z80:5cyc R800:2cyc
      |000132|0232|  7C
------+------+----+----------------------------------
   529|      |    |SRL A
      |      |    |  Z80:10cyc R800:2cyc
      |000133|0233|  CB 3F
------+------+----+----------------------------------
   530|      |    |SRL A
      |      |    |  Z80:10cyc R800:2cyc
      |000135|0235|  CB 3F
------+------+----+----------------------------------
   531|      |    |SRL A
      |      |    |  Z80:10cyc R800:2cyc
      |000137|0237|  CB 3F
------+------+----+----------------------------------
   532|      |    |LD E, 4
      |      |    |  Z80:8cyc R800:2cyc
      |000139|0239|  1E 04
------+------+----+----------------------------------
   533|      |    |JP WRITE_CONTROL_REGISTER
      |      |    |  Z80:11cyc R800:5cyc
      |00013B|023B|  C3 9C 01
------+------+----+----------------------------------
   534|      |    |ENDSCOPE
      |      |    |  Exit scope: SET_PATTERN_GENERATOR_TABLE:
------+------+----+----------------------------------
   547|      |    |SCOPE COPY_ROM_FONT
      |      |    |  Enter scope: COPY_ROM_FONT:
------+------+----+----------------------------------
   548|      |    |COPY_ROM_FONT ::
      |      |    |  global label [COPY_ROM_FONT] address: 0x00023e
------+------+----+----------------------------------
   550|      |    |LD HL, [ ENASLT + 1 ]
      |      |    |  Z80:17cyc R800:7cyc
      |00013E|023E|  2A 25 00
------+------+----+----------------------------------
   551|      |    |LD [ CALL_ENASLT + 1 ], HL
      |      |    |  Z80:17cyc R800:7cyc
      |000141|0241|  22 78 02
------+------+----+----------------------------------
   553|      |    |LD HL, COPY_PROGRAM
      |      |    |  Z80:11cyc R800:3cyc
      |000144|0244|  21 52 02
------+------+----+----------------------------------
   554|      |    |LD DE, 0x7F00
      |      |    |  Z80:11cyc R800:3cyc
      |000147|0247|  11 00 7F
------+------+----+----------------------------------
   555|      |    |LD BC, COPY_PROGRAM_END - COPY_PROGRAM
      |      |    |  Z80:11cyc R800:3cyc
      |00014A|024A|  01 29 00
------+------+----+----------------------------------
   556|      |    |LDIR
      |      |    |  Z80:23cyc/18cyc R800:7cyc
      |00014D|024D|  ED B0
------+------+----+----------------------------------
   557|      |    |JP 0x7F00
      |      |    |  Z80:11cyc R800:5cyc
      |00014F|024F|  C3 00 7F
------+------+----+----------------------------------
   558|      |    |COPY_PROGRAM :
      |      |    |  label [COPY_ROM_FONT:COPY_PROGRAM] address: 0x000252
------+------+----+----------------------------------
   560|      |    |DI
      |      |    |  Z80:5cyc R800:2cyc
      |000152|0252|  F3
------+------+----+----------------------------------
   561|      |    |LD A, [ MAIN_ROM_SLOT ]
      |      |    |  Z80:14cyc R800:6cyc
      |000153|0253|  3A C1 FC
------+------+----+----------------------------------
   562|      |    |LD H, 0x00
      |      |    |  Z80:8cyc R800:2cyc
      |000156|0256|  26 00
------+------+----+----------------------------------
   563|      |    |CALL ENASLT
      |      |    |  Z80:18cyc R800:5cyc
      |000158|0258|  CD 24 00
------+------+----+----------------------------------
   565|      |    |LD A, [ ROM_VERSION ]
      |      |    |  Z80:14cyc R800:6cyc
      |00015B|025B|  3A 2D 00
------+------+----+----------------------------------
   566|      |    |CP A, 3
      |      |    |  Z80:8cyc R800:2cyc
      |00015E|025E|  FE 03
------+------+----+----------------------------------
   567|      |    |JR C, SKIP
      |      |    |  Z80:13cyc/8cyc R800:3cyc/2cyc
      |000160|0260|  38 05
------+------+----+----------------------------------
   568|      |    |LD A, 0x80
      |      |    |  Z80:8cyc R800:2cyc
      |000162|0262|  3E 80
------+------+----+----------------------------------
   569|      |    |CALL CHGCPU
      |      |    |  Z80:18cyc R800:5cyc
      |000164|0264|  CD 80 01
------+------+----+----------------------------------
   570|      |    |SKIP :
      |      |    |  label [COPY_ROM_FONT:SKIP] address: 0x000267
------+------+----+----------------------------------
   572|      |    |LD HL, [ FONT_PTR ]
      |      |    |  Z80:17cyc R800:7cyc
      |000167|0267|  2A 04 00
------+------+----+----------------------------------
   574|      |    |LD DE, FONT_DATA
      |      |    |  Z80:11cyc R800:3cyc
      |00016A|026A|  11 00 40
------+------+----+----------------------------------
   576|      |    |LD BC, 256 * 8
      |      |    |  Z80:11cyc R800:3cyc
      |00016D|026D|  01 00 08
------+------+----+----------------------------------
   577|      |    |LDIR
      |      |    |  Z80:23cyc/18cyc R800:7cyc
      |000170|0270|  ED B0
------+------+----+----------------------------------
   579|      |    |LD A, [ RAMAD0 ]
      |      |    |  Z80:14cyc R800:6cyc
      |000172|0272|  3A 41 F3
------+------+----+----------------------------------
   580|      |    |LD H, 0x00
      |      |    |  Z80:8cyc R800:2cyc
      |000175|0275|  26 00
------+------+----+----------------------------------
   581|      |    |CALL_ENASLT :
      |      |    |  label [COPY_ROM_FONT:CALL_ENASLT] address: 0x000277
------+------+----+----------------------------------
   582|      |    |CALL ENASLT
      |      |    |  Z80:18cyc R800:5cyc
      |000177|0277|  CD 24 00
------+------+----+----------------------------------
   583|      |    |RET
      |      |    |  Z80:11cyc R800:5cyc
      |00017A|027A|  C9
------+------+----+----------------------------------
   584|      |    |COPY_PROGRAM_END :
      |      |    |  label [COPY_ROM_FONT:COPY_PROGRAM_END] address: 0x00027b
------+------+----+----------------------------------
   585|      |    |ENDSCOPE
      |      |    |  Exit scope: COPY_ROM_FONT:
------+------+----+----------------------------------
   598|      |    |SCOPE SET_FONT
      |      |    |  Enter scope: SET_FONT:
------+------+----+----------------------------------
   599|      |    |SET_FONT ::
      |      |    |  global label [SET_FONT] address: 0x00027b
------+------+----+----------------------------------
   600|      |    |CALL SET_VRAM_WRITE_ADDRESS
      |      |    |  Z80:18cyc R800:5cyc
      |00017B|027B|  CD 60 01
------+------+----+----------------------------------
   601|      |    |LD HL, FONT_DATA
      |      |    |  Z80:11cyc R800:3cyc
      |00017E|027E|  21 00 40
------+------+----+----------------------------------
   602|      |    |LD BC, 256 * 8
      |      |    |  Z80:11cyc R800:3cyc
      |000181|0281|  01 00 08
------+------+----+----------------------------------
   603|      |    |LOOP :
      |      |    |  label [SET_FONT:LOOP] address: 0x000284
------+------+----+----------------------------------
   604|      |    |LD A, [ HL ]
      |      |    |  Z80:8cyc R800:4cyc
      |000184|0284|  7E
------+------+----+----------------------------------
   605|      |    |INC HL
      |      |    |  Z80:7cyc R800:1cyc
      |000185|0285|  23
------+------+----+----------------------------------
   606|      |    |CALL WRITE_VRAM
      |      |    |  Z80:18cyc R800:5cyc
      |000186|0286|  CD CA 01
------+------+----+----------------------------------
   607|      |    |DEC BC
      |      |    |  Z80:7cyc R800:1cyc
      |000189|0289|  0B
------+------+----+----------------------------------
   608|      |    |LD A, C
      |      |    |  Z80:5cyc R800:2cyc
      |00018A|028A|  79
------+------+----+----------------------------------
   609|      |    |OR A, B
      |      |    |  Z80:5cyc R800:1cyc
      |00018B|028B|  B0
------+------+----+----------------------------------
   610|      |    |JP NZ, LOOP
      |      |    |  Z80:11cyc R800:5cyc/3cyc
      |00018C|028C|  C2 84 02
------+------+----+----------------------------------
   611|      |    |RET
      |      |    |  Z80:11cyc R800:5cyc
      |00018F|028F|  C9
------+------+----+----------------------------------
   612|      |    |ENDSCOPE
      |      |    |  Exit scope: SET_FONT:
------+------+----+----------------------------------
   627|      |    |SCOPE FILL_VRAM
      |      |    |  Enter scope: FILL_VRAM:
------+------+----+----------------------------------
   628|      |    |FILL_VRAM ::
      |      |    |  global label [FILL_VRAM] address: 0x000290
------+------+----+----------------------------------
   629|      |    |CALL SET_VRAM_WRITE_ADDRESS
      |      |    |  Z80:18cyc R800:5cyc
      |000190|0290|  CD 60 01
------+------+----+----------------------------------
   630|      |    |LOOP :
      |      |    |  label [FILL_VRAM:LOOP] address: 0x000293
------+------+----+----------------------------------
   631|      |    |LD A, E
      |      |    |  Z80:5cyc R800:2cyc
      |000193|0293|  7B
------+------+----+----------------------------------
   632|      |    |CALL WRITE_VRAM
      |      |    |  Z80:18cyc R800:5cyc
      |000194|0294|  CD CA 01
------+------+----+----------------------------------
   633|      |    |DEC BC
      |      |    |  Z80:7cyc R800:1cyc
      |000197|0297|  0B
------+------+----+----------------------------------
   634|      |    |LD A, C
      |      |    |  Z80:5cyc R800:2cyc
      |000198|0298|  79
------+------+----+----------------------------------
   635|      |    |OR A, B
      |      |    |  Z80:5cyc R800:1cyc
      |000199|0299|  B0
------+------+----+----------------------------------
   636|      |    |JP NZ, LOOP
      |      |    |  Z80:11cyc R800:5cyc/3cyc
      |00019A|029A|  C2 93 02
------+------+----+----------------------------------
   637|      |    |RET
      |      |    |  Z80:11cyc R800:5cyc
      |00019D|029D|  C9
------+------+----+----------------------------------
   638|      |    |ENDSCOPE
      |      |    |  Exit scope: FILL_VRAM:
------+------+----+----------------------------------
   651|      |    |SCOPE WAIT_PUSH_SPACE_KEY
      |      |    |  Enter scope: WAIT_PUSH_SPACE_KEY:
------+------+----+----------------------------------
   652|      |    |WAIT_PUSH_SPACE_KEY ::
      |      |    |  global label [WAIT_PUSH_SPACE_KEY] address: 0x00029e
------+------+----+----------------------------------
   654|      |    |WAIT_FREE_LOOP :
      |      |    |  label [WAIT_PUSH_SPACE_KEY:WAIT_FREE_LOOP] address: 0x00029e
------+------+----+----------------------------------
   655|      |    |LD IY, [ MAIN_ROM_SLOT - 1 ]
      |      |    |  Z80:22cyc R800:8cyc
      |00019E|029E|  FD 2A C0 FC
------+------+----+----------------------------------
   656|      |    |LD IX, GTTRIG
      |      |    |  Z80:16cyc R800:4cyc
      |0001A2|02A2|  DD 21 D8 00
------+------+----+----------------------------------
   657|      |    |XOR A, A
      |      |    |  Z80:5cyc R800:1cyc
      |0001A6|02A6|  AF
------+------+----+----------------------------------
   658|      |    |CALL CALSLT
      |      |    |  Z80:18cyc R800:5cyc
      |0001A7|02A7|  CD 1C 00
------+------+----+----------------------------------
   659|      |    |PUSH AF
      |      |    |  Z80:12cyc R800:6cyc
      |0001AA|02AA|  F5
------+------+----+----------------------------------
   661|      |    |LD IY, [ MAIN_ROM_SLOT - 1 ]
      |      |    |  Z80:22cyc R800:8cyc
      |0001AB|02AB|  FD 2A C0 FC
------+------+----+----------------------------------
   662|      |    |LD IX, GTTRIG
      |      |    |  Z80:16cyc R800:4cyc
      |0001AF|02AF|  DD 21 D8 00
------+------+----+----------------------------------
   663|      |    |LD A, 1
      |      |    |  Z80:8cyc R800:2cyc
      |0001B3|02B3|  3E 01
------+------+----+----------------------------------
   664|      |    |CALL CALSLT
      |      |    |  Z80:18cyc R800:5cyc
      |0001B5|02B5|  CD 1C 00
------+------+----+----------------------------------
   665|      |    |POP BC
      |      |    |  Z80:11cyc R800:5cyc
      |0001B8|02B8|  C1
------+------+----+----------------------------------
   666|      |    |OR A, B
      |      |    |  Z80:5cyc R800:1cyc
      |0001B9|02B9|  B0
------+------+----+----------------------------------
   667|      |    |JR NZ, WAIT_FREE_LOOP
      |      |    |  Z80:13cyc/8cyc R800:3cyc/2cyc
      |0001BA|02BA|  20 E2
------+------+----+----------------------------------
   670|      |    |CALL WAIT_VSYNC
      |      |    |  Z80:18cyc R800:5cyc
      |0001BC|02BC|  CD F3 02
------+------+----+----------------------------------
   671|      |    |CALL WAIT_VSYNC
      |      |    |  Z80:18cyc R800:5cyc
      |0001BF|02BF|  CD F3 02
------+------+----+----------------------------------
   672|      |    |CALL WAIT_VSYNC
      |      |    |  Z80:18cyc R800:5cyc
      |0001C2|02C2|  CD F3 02
------+------+----+----------------------------------
   673|      |    |CALL WAIT_VSYNC
      |      |    |  Z80:18cyc R800:5cyc
      |0001C5|02C5|  CD F3 02
------+------+----+----------------------------------
   676|      |    |WAIT_PRESS_LOOP :
      |      |    |  label [WAIT_PUSH_SPACE_KEY:WAIT_PRESS_LOOP] address: 0x0002c8
------+------+----+----------------------------------
   677|      |    |LD IY, [ MAIN_ROM_SLOT - 1 ]
      |      |    |  Z80:22cyc R800:8cyc
      |0001C8|02C8|  FD 2A C0 FC
------+------+----+----------------------------------
   678|      |    |LD IX, GTTRIG
      |      |    |  Z80:16cyc R800:4cyc
      |0001CC|02CC|  DD 21 D8 00
------+------+----+----------------------------------
   679|      |    |XOR A, A
      |      |    |  Z80:5cyc R800:1cyc
      |0001D0|02D0|  AF
------+------+----+----------------------------------
   680|      |    |CALL CALSLT
      |      |    |  Z80:18cyc R800:5cyc
      |0001D1|02D1|  CD 1C 00
------+------+----+----------------------------------
   681|      |    |PUSH AF
      |      |    |  Z80:12cyc R800:6cyc
      |0001D4|02D4|  F5
------+------+----+----------------------------------
   683|      |    |LD IY, [ MAIN_ROM_SLOT - 1 ]
      |      |    |  Z80:22cyc R800:8cyc
      |0001D5|02D5|  FD 2A C0 FC
------+------+----+----------------------------------
   684|      |    |LD IX, GTTRIG
      |      |    |  Z80:16cyc R800:4cyc
      |0001D9|02D9|  DD 21 D8 00
------+------+----+----------------------------------
   685|      |    |LD A, 1
      |      |    |  Z80:8cyc R800:2cyc
      |0001DD|02DD|  3E 01
------+------+----+----------------------------------
   686|      |    |CALL CALSLT
      |      |    |  Z80:18cyc R800:5cyc
      |0001DF|02DF|  CD 1C 00
------+------+----+----------------------------------
   687|      |    |POP BC
      |      |    |  Z80:11cyc R800:5cyc
      |0001E2|02E2|  C1
------+------+----+----------------------------------
   688|      |    |OR A, B
      |      |    |  Z80:5cyc R800:1cyc
      |0001E3|02E3|  B0
------+------+----+----------------------------------
   689|      |    |JR Z, WAIT_PRESS_LOOP
      |      |    |  Z80:13cyc/8cyc R800:3cyc/2cyc
      |0001E4|02E4|  28 E2
------+------+----+----------------------------------
   692|      |    |CALL WAIT_VSYNC
      |      |    |  Z80:18cyc R800:5cyc
      |0001E6|02E6|  CD F3 02
------+------+----+----------------------------------
   693|      |    |CALL WAIT_VSYNC
      |      |    |  Z80:18cyc R800:5cyc
      |0001E9|02E9|  CD F3 02
------+------+----+----------------------------------
   694|      |    |CALL WAIT_VSYNC
      |      |    |  Z80:18cyc R800:5cyc
      |0001EC|02EC|  CD F3 02
------+------+----+----------------------------------
   695|      |    |CALL WAIT_VSYNC
      |      |    |  Z80:18cyc R800:5cyc
      |0001EF|02EF|  CD F3 02
------+------+----+----------------------------------
   696|      |    |RET
      |      |    |  Z80:11cyc R800:5cyc
      |0001F2|02F2|  C9
------+------+----+----------------------------------
   697|      |    |ENDSCOPE
      |      |    |  Exit scope: WAIT_PUSH_SPACE_KEY:
------+------+----+----------------------------------
   702|      |    |SCOPE WAIT_VSYNC
      |      |    |  Enter scope: WAIT_VSYNC:
------+------+----+----------------------------------
   703|      |    |WAIT_VSYNC ::
      |      |    |  global label [WAIT_VSYNC] address: 0x0002f3
------+------+----+----------------------------------
   704|      |    |LD E, 2
      |      |    |  Z80:8cyc R800:2cyc
      |0001F3|02F3|  1E 02
------+------+----+----------------------------------
   705|      |    |CALL READ_STATUS_REGISTER
      |      |    |  Z80:18cyc R800:5cyc
      |0001F5|02F5|  CD B5 01
------+------+----+----------------------------------
   706|      |    |LD A, E
      |      |    |  Z80:5cyc R800:2cyc
      |0001F8|02F8|  7B
------+------+----+----------------------------------
   707|      |    |AND A, 0x40
      |      |    |  Z80:8cyc R800:2cyc
      |0001F9|02F9|  E6 40
------+------+----+----------------------------------
   708|      |    |JR NZ, WAIT_VSYNC
      |      |    |  Z80:13cyc/8cyc R800:3cyc/2cyc
      |0001FB|02FB|  20 F6
------+------+----+----------------------------------
   710|      |    |WAIT_VSYNC2 :
      |      |    |  label [WAIT_VSYNC:WAIT_VSYNC2] address: 0x0002fd
------+------+----+----------------------------------
   711|      |    |LD E, 2
      |      |    |  Z80:8cyc R800:2cyc
      |0001FD|02FD|  1E 02
------+------+----+----------------------------------
   712|      |    |CALL READ_STATUS_REGISTER
      |      |    |  Z80:18cyc R800:5cyc
      |0001FF|02FF|  CD B5 01
------+------+----+----------------------------------
   713|      |    |LD A, E
      |      |    |  Z80:5cyc R800:2cyc
      |000202|0302|  7B
------+------+----+----------------------------------
   714|      |    |AND A, 0x40
      |      |    |  Z80:8cyc R800:2cyc
      |000203|0303|  E6 40
------+------+----+----------------------------------
   715|      |    |JR Z, WAIT_VSYNC2
      |      |    |  Z80:13cyc/8cyc R800:3cyc/2cyc
      |000205|0305|  28 F6
------+------+----+----------------------------------
   716|      |    |RET
      |      |    |  Z80:11cyc R800:5cyc
      |000207|0307|  C9
------+------+----+----------------------------------
   717|      |    |ENDSCOPE
      |      |    |  Exit scope: WAIT_VSYNC:
------+------+----+----------------------------------
   730|      |    |SCOPE FINISH_PROCESS
      |      |    |  Enter scope: FINISH_PROCESS:
------+------+----+----------------------------------
   731|      |    |FINISH_PROCESS ::
      |      |    |  global label [FINISH_PROCESS] address: 0x000308
------+------+----+----------------------------------
   732|      |    |DI
      |      |    |  Z80:5cyc R800:2cyc
      |000208|0308|  F3
------+------+----+----------------------------------
   734|      |    |XOR A, A
      |      |    |  Z80:5cyc R800:1cyc
      |000209|0309|  AF
------+------+----+----------------------------------
   735|      |    |LD E, A
      |      |    |  Z80:5cyc R800:2cyc
      |00020A|030A|  5F
------+------+----+----------------------------------
   736|      |    |CALL WRITE_CONTROL_REGISTER
      |      |    |  Z80:18cyc R800:5cyc
      |00020B|030B|  CD 9C 01
------+------+----+----------------------------------
   738|      |    |LD A, 0x40
      |      |    |  Z80:8cyc R800:2cyc
      |00020E|030E|  3E 40
------+------+----+----------------------------------
   739|      |    |LD E, 1
      |      |    |  Z80:8cyc R800:2cyc
      |000210|0310|  1E 01
------+------+----+----------------------------------
   740|      |    |CALL WRITE_CONTROL_REGISTER
      |      |    |  Z80:18cyc R800:5cyc
      |000212|0312|  CD 9C 01
------+------+----+----------------------------------
   742|      |    |LD A, 0x07
      |      |    |  Z80:8cyc R800:2cyc
      |000215|0315|  3E 07
------+------+----+----------------------------------
   743|      |    |LD E, 7
      |      |    |  Z80:8cyc R800:2cyc
      |000217|0317|  1E 07
------+------+----+----------------------------------
   744|      |    |CALL WRITE_CONTROL_REGISTER
      |      |    |  Z80:18cyc R800:5cyc
      |000219|0319|  CD 9C 01
------+------+----+----------------------------------
   746|      |    |LD A, 0x02
      |      |    |  Z80:8cyc R800:2cyc
      |00021C|031C|  3E 02
------+------+----+----------------------------------
   747|      |    |LD E, 8
      |      |    |  Z80:8cyc R800:2cyc
      |00021E|031E|  1E 08
------+------+----+----------------------------------
   748|      |    |CALL WRITE_CONTROL_REGISTER
      |      |    |  Z80:18cyc R800:5cyc
      |000220|0320|  CD 9C 01
------+------+----+----------------------------------
   750|      |    |LD A, 0
      |      |    |  Z80:8cyc R800:2cyc
      |000223|0323|  3E 00
------+------+----+----------------------------------
   751|      |    |LD E, 9
      |      |    |  Z80:8cyc R800:2cyc
      |000225|0325|  1E 09
------+------+----+----------------------------------
   752|      |    |CALL WRITE_CONTROL_REGISTER
      |      |    |  Z80:18cyc R800:5cyc
      |000227|0327|  CD 9C 01
------+------+----+----------------------------------
   754|      |    |LD A, 0
      |      |    |  Z80:8cyc R800:2cyc
      |00022A|032A|  3E 00
------+------+----+----------------------------------
   755|      |    |LD E, 14
      |      |    |  Z80:8cyc R800:2cyc
      |00022C|032C|  1E 0E
------+------+----+----------------------------------
   756|      |    |CALL WRITE_CONTROL_REGISTER
      |      |    |  Z80:18cyc R800:5cyc
      |00022E|032E|  CD 9C 01
------+------+----+----------------------------------
   758|      |    |LD A, 0
      |      |    |  Z80:8cyc R800:2cyc
      |000231|0331|  3E 00
------+------+----+----------------------------------
   759|      |    |LD E, 20
      |      |    |  Z80:8cyc R800:2cyc
      |000233|0333|  1E 14
------+------+----+----------------------------------
   760|      |    |CALL WRITE_CONTROL_REGISTER
      |      |    |  Z80:18cyc R800:5cyc
      |000235|0335|  CD 9C 01
------+------+----+----------------------------------
   762|      |    |LD A, 0
      |      |    |  Z80:8cyc R800:2cyc
      |000238|0338|  3E 00
------+------+----+----------------------------------
   763|      |    |LD E, 21
      |      |    |  Z80:8cyc R800:2cyc
      |00023A|033A|  1E 15
------+------+----+----------------------------------
   764|      |    |CALL WRITE_CONTROL_REGISTER
      |      |    |  Z80:18cyc R800:5cyc
      |00023C|033C|  CD 9C 01
------+------+----+----------------------------------
   766|      |    |LD A, 0
      |      |    |  Z80:8cyc R800:2cyc
      |00023F|033F|  3E 00
------+------+----+----------------------------------
   767|      |    |LD E, 23
      |      |    |  Z80:8cyc R800:2cyc
      |000241|0341|  1E 17
------+------+----+----------------------------------
   768|      |    |CALL WRITE_CONTROL_REGISTER
      |      |    |  Z80:18cyc R800:5cyc
      |000243|0343|  CD 9C 01
------+------+----+----------------------------------
   770|      |    |LD A, 0
      |      |    |  Z80:8cyc R800:2cyc
      |000246|0346|  3E 00
------+------+----+----------------------------------
   771|      |    |LD E, 26
      |      |    |  Z80:8cyc R800:2cyc
      |000248|0348|  1E 1A
------+------+----+----------------------------------
   772|      |    |CALL WRITE_CONTROL_REGISTER
      |      |    |  Z80:18cyc R800:5cyc
      |00024A|034A|  CD 9C 01
------+------+----+----------------------------------
   774|      |    |LD A, 0
      |      |    |  Z80:8cyc R800:2cyc
      |00024D|034D|  3E 00
------+------+----+----------------------------------
   775|      |    |LD E, 27
      |      |    |  Z80:8cyc R800:2cyc
      |00024F|034F|  1E 1B
------+------+----+----------------------------------
   776|      |    |CALL WRITE_CONTROL_REGISTER
      |      |    |  Z80:18cyc R800:5cyc
      |000251|0351|  CD 9C 01
------+------+----+----------------------------------
   778|      |    |LD IY, [ MAIN_ROM_SLOT - 1 ]
      |      |    |  Z80:22cyc R800:8cyc
      |000254|0354|  FD 2A C0 FC
------+------+----+----------------------------------
   779|      |    |LD IX, KILBUF
      |      |    |  Z80:16cyc R800:4cyc
      |000258|0358|  DD 21 56 01
------+------+----+----------------------------------
   780|      |    |CALL CALSLT
      |      |    |  Z80:18cyc R800:5cyc
      |00025C|035C|  CD 1C 00
------+------+----+----------------------------------
   781|      |    |LD IY, [ MAIN_ROM_SLOT - 1 ]
      |      |    |  Z80:22cyc R800:8cyc
      |00025F|035F|  FD 2A C0 FC
------+------+----+----------------------------------
   782|      |    |LD IX, CHGMOD
      |      |    |  Z80:16cyc R800:4cyc
      |000263|0363|  DD 21 5F 00
------+------+----+----------------------------------
   783|      |    |LD A, 0
      |      |    |  Z80:8cyc R800:2cyc
      |000267|0367|  3E 00
------+------+----+----------------------------------
   784|      |    |CALL CALSLT
      |      |    |  Z80:18cyc R800:5cyc
      |000269|0369|  CD 1C 00
------+------+----+----------------------------------
   785|      |    |EI
      |      |    |  Z80:5cyc R800:1cyc
      |00026C|036C|  FB
------+------+----+----------------------------------
   787|      |    |LD C, 0
      |      |    |  Z80:8cyc R800:2cyc
      |00026D|036D|  0E 00
------+------+----+----------------------------------
   788|      |    |CALL BDOS
      |      |    |  Z80:18cyc R800:5cyc
      |00026F|036F|  CD 05 00
------+------+----+----------------------------------
   789|      |    |ENDSCOPE
      |      |    |  Exit scope: FINISH_PROCESS:
------+------+----+----------------------------------
   803|      |    |SCOPE FILL_INCREMENT
      |      |    |  Enter scope: FILL_INCREMENT:
------+------+----+----------------------------------
   804|      |    |FILL_INCREMENT ::
      |      |    |  global label [FILL_INCREMENT] address: 0x000372
------+------+----+----------------------------------
   805|      |    |CALL SET_VRAM_WRITE_ADDRESS
      |      |    |  Z80:18cyc R800:5cyc
      |000272|0372|  CD 60 01
------+------+----+----------------------------------
   806|      |    |LD E, 0
      |      |    |  Z80:8cyc R800:2cyc
      |000275|0375|  1E 00
------+------+----+----------------------------------
   807|      |    |LOOP :
      |      |    |  label [FILL_INCREMENT:LOOP] address: 0x000377
------+------+----+----------------------------------
   808|      |    |LD A, E
      |      |    |  Z80:5cyc R800:2cyc
      |000277|0377|  7B
------+------+----+----------------------------------
   809|      |    |CALL WRITE_VRAM
      |      |    |  Z80:18cyc R800:5cyc
      |000278|0378|  CD CA 01
------+------+----+----------------------------------
   810|      |    |INC E
      |      |    |  Z80:5cyc R800:1cyc
      |00027B|037B|  1C
------+------+----+----------------------------------
   811|      |    |DEC BC
      |      |    |  Z80:7cyc R800:1cyc
      |00027C|037C|  0B
------+------+----+----------------------------------
   812|      |    |LD A, C
      |      |    |  Z80:5cyc R800:2cyc
      |00027D|037D|  79
------+------+----+----------------------------------
   813|      |    |OR A, B
      |      |    |  Z80:5cyc R800:1cyc
      |00027E|037E|  B0
------+------+----+----------------------------------
   814|      |    |JR NZ, LOOP
      |      |    |  Z80:13cyc/8cyc R800:3cyc/2cyc
      |00027F|037F|  20 F6
------+------+----+----------------------------------
   815|      |    |RET
      |      |    |  Z80:11cyc R800:5cyc
      |000281|0381|  C9
------+------+----+----------------------------------
   816|      |    |ENDSCOPE
      |      |    |  Exit scope: FILL_INCREMENT:
------+------+----+----------------------------------
   830|      |    |SCOPE FILL_RANDOM
      |      |    |  Enter scope: FILL_RANDOM:
------+------+----+----------------------------------
   831|      |    |FILL_RANDOM ::
      |      |    |  global label [FILL_RANDOM] address: 0x000382
------+------+----+----------------------------------
   832|      |    |CALL SET_VRAM_WRITE_ADDRESS
      |      |    |  Z80:18cyc R800:5cyc
      |000282|0382|  CD 60 01
------+------+----+----------------------------------
   833|      |    |LD E, 19
      |      |    |  Z80:8cyc R800:2cyc
      |000285|0385|  1E 13
------+------+----+----------------------------------
   834|      |    |LD D, 133
      |      |    |  Z80:8cyc R800:2cyc
      |000287|0387|  16 85
------+------+----+----------------------------------
   835|      |    |LOOP :
      |      |    |  label [FILL_RANDOM:LOOP] address: 0x000389
------+------+----+----------------------------------
   836|      |    |LD A, E
      |      |    |  Z80:5cyc R800:2cyc
      |000289|0389|  7B
------+------+----+----------------------------------
   837|      |    |ADD A, D
      |      |    |  Z80:5cyc R800:1cyc
      |00028A|038A|  82
------+------+----+----------------------------------
   838|      |    |XOR A, 0x5A
      |      |    |  Z80:8cyc R800:2cyc
      |00028B|038B|  EE 5A
------+------+----+----------------------------------
   839|      |    |INC A
      |      |    |  Z80:5cyc R800:1cyc
      |00028D|038D|  3C
------+------+----+----------------------------------
   840|      |    |LD E, D
      |      |    |  Z80:5cyc R800:2cyc
      |00028E|038E|  5A
------+------+----+----------------------------------
   841|      |    |LD D, A
      |      |    |  Z80:5cyc R800:2cyc
      |00028F|038F|  57
------+------+----+----------------------------------
   842|      |    |CALL WRITE_VRAM
      |      |    |  Z80:18cyc R800:5cyc
      |000290|0390|  CD CA 01
------+------+----+----------------------------------
   843|      |    |DEC BC
      |      |    |  Z80:7cyc R800:1cyc
      |000293|0393|  0B
------+------+----+----------------------------------
   844|      |    |LD A, C
      |      |    |  Z80:5cyc R800:2cyc
      |000294|0394|  79
------+------+----+----------------------------------
   845|      |    |OR A, B
      |      |    |  Z80:5cyc R800:1cyc
      |000295|0395|  B0
------+------+----+----------------------------------
   846|      |    |JR NZ, LOOP
      |      |    |  Z80:13cyc/8cyc R800:3cyc/2cyc
      |000296|0396|  20 F1
------+------+----+----------------------------------
   847|      |    |RET
      |      |    |  Z80:11cyc R800:5cyc
      |000298|0398|  C9
------+------+----+----------------------------------
   848|      |    |ENDSCOPE
      |      |    |  Exit scope: FILL_RANDOM:
------+------+----+----------------------------------
   863|      |    |SCOPE BLOCK_COPY
      |      |    |  Enter scope: BLOCK_COPY:
------+------+----+----------------------------------
   864|      |    |BLOCK_COPY ::
      |      |    |  global label [BLOCK_COPY] address: 0x000399
------+------+----+----------------------------------
   865|      |    |EX DE, HL
      |      |    |  Z80:5cyc R800:1cyc
      |000299|0399|  EB
------+------+----+----------------------------------
   866|      |    |CALL SET_VRAM_WRITE_ADDRESS
      |      |    |  Z80:18cyc R800:5cyc
      |00029A|039A|  CD 60 01
------+------+----+----------------------------------
   867|      |    |EX DE, HL
      |      |    |  Z80:5cyc R800:1cyc
      |00029D|039D|  EB
------+------+----+----------------------------------
   868|      |    |LOOP :
      |      |    |  label [BLOCK_COPY:LOOP] address: 0x00039e
------+------+----+----------------------------------
   869|      |    |LD A, [ HL ]
      |      |    |  Z80:8cyc R800:4cyc
      |00029E|039E|  7E
------+------+----+----------------------------------
   870|      |    |INC HL
      |      |    |  Z80:7cyc R800:1cyc
      |00029F|039F|  23
------+------+----+----------------------------------
   871|      |    |CALL WRITE_VRAM
      |      |    |  Z80:18cyc R800:5cyc
      |0002A0|03A0|  CD CA 01
------+------+----+----------------------------------
   872|      |    |DEC BC
      |      |    |  Z80:7cyc R800:1cyc
      |0002A3|03A3|  0B
------+------+----+----------------------------------
   873|      |    |LD A, C
      |      |    |  Z80:5cyc R800:2cyc
      |0002A4|03A4|  79
------+------+----+----------------------------------
   874|      |    |OR A, B
      |      |    |  Z80:5cyc R800:1cyc
      |0002A5|03A5|  B0
------+------+----+----------------------------------
   875|      |    |JR NZ, LOOP
      |      |    |  Z80:13cyc/8cyc R800:3cyc/2cyc
      |0002A6|03A6|  20 F6
------+------+----+----------------------------------
   876|      |    |RET
      |      |    |  Z80:11cyc R800:5cyc
      |0002A8|03A8|  C9
------+------+----+----------------------------------
   877|      |    |ENDSCOPE
      |      |    |  Exit scope: BLOCK_COPY:
------+------+----+----------------------------------
   890|      |    |SCOPE VSCROLL
      |      |    |  Enter scope: VSCROLL:
------+------+----+----------------------------------
   891|      |    |VSCROLL ::
      |      |    |  global label [VSCROLL] address: 0x0003a9
------+------+----+----------------------------------
   892|      |    |LD D, 0
      |      |    |  Z80:8cyc R800:2cyc
      |0002A9|03A9|  16 00
------+------+----+----------------------------------
   893|      |    |LOOP :
      |      |    |  label [VSCROLL:LOOP] address: 0x0003ab
------+------+----+----------------------------------
   894|      |    |LD A, D
      |      |    |  Z80:5cyc R800:2cyc
      |0002AB|03AB|  7A
------+------+----+----------------------------------
   895|      |    |LD E, 23
      |      |    |  Z80:8cyc R800:2cyc
      |0002AC|03AC|  1E 17
------+------+----+----------------------------------
   896|      |    |CALL WRITE_CONTROL_REGISTER
      |      |    |  Z80:18cyc R800:5cyc
      |0002AE|03AE|  CD 9C 01
------+------+----+----------------------------------
   898|      |    |XOR A, A
      |      |    |  Z80:5cyc R800:1cyc
      |0002B1|03B1|  AF
------+------+----+----------------------------------
   899|      |    |WAIT_LOOP1 :
      |      |    |  label [VSCROLL:WAIT_LOOP1] address: 0x0003b2
------+------+----+----------------------------------
   900|      |    |LD E, 5
      |      |    |  Z80:8cyc R800:2cyc
      |0002B2|03B2|  1E 05
------+------+----+----------------------------------
   901|      |    |WAIT_LOOP2 :
      |      |    |  label [VSCROLL:WAIT_LOOP2] address: 0x0003b4
------+------+----+----------------------------------
   902|      |    |DEC E
      |      |    |  Z80:5cyc R800:1cyc
      |0002B4|03B4|  1D
------+------+----+----------------------------------
   903|      |    |JR NZ, WAIT_LOOP2
      |      |    |  Z80:13cyc/8cyc R800:3cyc/2cyc
      |0002B5|03B5|  20 FD
------+------+----+----------------------------------
   904|      |    |DEC A
      |      |    |  Z80:5cyc R800:1cyc
      |0002B7|03B7|  3D
------+------+----+----------------------------------
   905|      |    |JR NZ, WAIT_LOOP1
      |      |    |  Z80:13cyc/8cyc R800:3cyc/2cyc
      |0002B8|03B8|  20 F8
------+------+----+----------------------------------
   907|      |    |INC D
      |      |    |  Z80:5cyc R800:1cyc
      |0002BA|03BA|  14
------+------+----+----------------------------------
   908|      |    |JR NZ, LOOP
      |      |    |  Z80:13cyc/8cyc R800:3cyc/2cyc
      |0002BB|03BB|  20 EE
------+------+----+----------------------------------
   910|      |    |XOR A, A
      |      |    |  Z80:5cyc R800:1cyc
      |0002BD|03BD|  AF
------+------+----+----------------------------------
   911|      |    |LD E, 23
      |      |    |  Z80:8cyc R800:2cyc
      |0002BE|03BE|  1E 17
------+------+----+----------------------------------
   912|      |    |CALL WRITE_CONTROL_REGISTER
      |      |    |  Z80:18cyc R800:5cyc
      |0002C0|03C0|  CD 9C 01
------+------+----+----------------------------------
   913|      |    |JP WAIT_PUSH_SPACE_KEY
      |      |    |  Z80:11cyc R800:5cyc
      |0002C3|03C3|  C3 9E 02
------+------+----+----------------------------------
   914|      |    |ENDSCOPE
      |      |    |  Exit scope: VSCROLL:
------+------+----+----------------------------------
   927|      |    |SCOPE HSCROLL
      |      |    |  Enter scope: HSCROLL:
------+------+----+----------------------------------
   928|      |    |HSCROLL ::
      |      |    |  global label [HSCROLL] address: 0x0003c6
------+------+----+----------------------------------
   929|      |    |LD D, 0
      |      |    |  Z80:8cyc R800:2cyc
      |0002C6|03C6|  16 00
------+------+----+----------------------------------
   930|      |    |LOOP :
      |      |    |  label [HSCROLL:LOOP] address: 0x0003c8
------+------+----+----------------------------------
   931|      |    |LD A, D
      |      |    |  Z80:5cyc R800:2cyc
      |0002C8|03C8|  7A
------+------+----+----------------------------------
   932|      |    |AND A, 7
      |      |    |  Z80:8cyc R800:2cyc
      |0002C9|03C9|  E6 07
------+------+----+----------------------------------
   933|      |    |XOR A, 7
      |      |    |  Z80:8cyc R800:2cyc
      |0002CB|03CB|  EE 07
------+------+----+----------------------------------
   934|      |    |LD E, 27
      |      |    |  Z80:8cyc R800:2cyc
      |0002CD|03CD|  1E 1B
------+------+----+----------------------------------
   935|      |    |CALL WRITE_CONTROL_REGISTER
      |      |    |  Z80:18cyc R800:5cyc
      |0002CF|03CF|  CD 9C 01
------+------+----+----------------------------------
   936|      |    |LD A, D
      |      |    |  Z80:5cyc R800:2cyc
      |0002D2|03D2|  7A
------+------+----+----------------------------------
   937|      |    |RRCA
      |      |    |  Z80:5cyc R800:1cyc
      |0002D3|03D3|  0F
------+------+----+----------------------------------
   938|      |    |RRCA
      |      |    |  Z80:5cyc R800:1cyc
      |0002D4|03D4|  0F
------+------+----+----------------------------------
   939|      |    |RRCA
      |      |    |  Z80:5cyc R800:1cyc
      |0002D5|03D5|  0F
------+------+----+----------------------------------
   940|      |    |AND A, 0x1F
      |      |    |  Z80:8cyc R800:2cyc
      |0002D6|03D6|  E6 1F
------+------+----+----------------------------------
   941|      |    |LD E, 26
      |      |    |  Z80:8cyc R800:2cyc
      |0002D8|03D8|  1E 1A
------+------+----+----------------------------------
   942|      |    |CALL WRITE_CONTROL_REGISTER
      |      |    |  Z80:18cyc R800:5cyc
      |0002DA|03DA|  CD 9C 01
------+------+----+----------------------------------
   944|      |    |XOR A, A
      |      |    |  Z80:5cyc R800:1cyc
      |0002DD|03DD|  AF
------+------+----+----------------------------------
   945|      |    |WAIT_LOOP1 :
      |      |    |  label [HSCROLL:WAIT_LOOP1] address: 0x0003de
------+------+----+----------------------------------
   946|      |    |LD E, 5
      |      |    |  Z80:8cyc R800:2cyc
      |0002DE|03DE|  1E 05
------+------+----+----------------------------------
   947|      |    |WAIT_LOOP2 :
      |      |    |  label [HSCROLL:WAIT_LOOP2] address: 0x0003e0
------+------+----+----------------------------------
   948|      |    |DEC E
      |      |    |  Z80:5cyc R800:1cyc
      |0002E0|03E0|  1D
------+------+----+----------------------------------
   949|      |    |JR NZ, WAIT_LOOP2
      |      |    |  Z80:13cyc/8cyc R800:3cyc/2cyc
      |0002E1|03E1|  20 FD
------+------+----+----------------------------------
   950|      |    |DEC A
      |      |    |  Z80:5cyc R800:1cyc
      |0002E3|03E3|  3D
------+------+----+----------------------------------
   951|      |    |JR NZ, WAIT_LOOP1
      |      |    |  Z80:13cyc/8cyc R800:3cyc/2cyc
      |0002E4|03E4|  20 F8
------+------+----+----------------------------------
   953|      |    |INC D
      |      |    |  Z80:5cyc R800:1cyc
      |0002E6|03E6|  14
------+------+----+----------------------------------
   954|      |    |JR NZ, LOOP
      |      |    |  Z80:13cyc/8cyc R800:3cyc/2cyc
      |0002E7|03E7|  20 DF
------+------+----+----------------------------------
   956|      |    |XOR A, A
      |      |    |  Z80:5cyc R800:1cyc
      |0002E9|03E9|  AF
------+------+----+----------------------------------
   957|      |    |LD E, 26
      |      |    |  Z80:8cyc R800:2cyc
      |0002EA|03EA|  1E 1A
------+------+----+----------------------------------
   958|      |    |CALL WRITE_CONTROL_REGISTER
      |      |    |  Z80:18cyc R800:5cyc
      |0002EC|03EC|  CD 9C 01
------+------+----+----------------------------------
   959|      |    |XOR A, A
      |      |    |  Z80:5cyc R800:1cyc
      |0002EF|03EF|  AF
------+------+----+----------------------------------
   960|      |    |LD E, 27
      |      |    |  Z80:8cyc R800:2cyc
      |0002F0|03F0|  1E 1B
------+------+----+----------------------------------
   961|      |    |CALL WRITE_CONTROL_REGISTER
      |      |    |  Z80:18cyc R800:5cyc
      |0002F2|03F2|  CD 9C 01
------+------+----+----------------------------------
   962|      |    |JP WAIT_PUSH_SPACE_KEY
      |      |    |  Z80:11cyc R800:5cyc
      |0002F5|03F5|  C3 9E 02
------+------+----+----------------------------------
   963|      |    |ENDSCOPE
      |      |    |  Exit scope: HSCROLL:
------+------+----+----------------------------------
   976|      |    |SCOPE HSCROLL2
      |      |    |  Enter scope: HSCROLL2:
------+------+----+----------------------------------
   977|      |    |HSCROLL2 ::
      |      |    |  global label [HSCROLL2] address: 0x0003f8
------+------+----+----------------------------------
   978|      |    |LD A, 0x3F
      |      |    |  Z80:8cyc R800:2cyc
      |0002F8|03F8|  3E 3F
------+------+----+----------------------------------
   979|      |    |LD E, 2
      |      |    |  Z80:8cyc R800:2cyc
      |0002FA|03FA|  1E 02
------+------+----+----------------------------------
   980|      |    |CALL WRITE_CONTROL_REGISTER
      |      |    |  Z80:18cyc R800:5cyc
      |0002FC|03FC|  CD 9C 01
------+------+----+----------------------------------
   982|      |    |LD A, 0x01
      |      |    |  Z80:8cyc R800:2cyc
      |0002FF|03FF|  3E 01
------+------+----+----------------------------------
   983|      |    |LD E, 25
      |      |    |  Z80:8cyc R800:2cyc
      |000301|0401|  1E 19
------+------+----+----------------------------------
   984|      |    |CALL WRITE_CONTROL_REGISTER
      |      |    |  Z80:18cyc R800:5cyc
      |000303|0403|  CD 9C 01
------+------+----+----------------------------------
   986|      |    |LD D, 0
      |      |    |  Z80:8cyc R800:2cyc
      |000306|0406|  16 00
------+------+----+----------------------------------
   987|      |    |LOOP :
      |      |    |  label [HSCROLL2:LOOP] address: 0x000408
------+------+----+----------------------------------
   988|      |    |LD A, D
      |      |    |  Z80:5cyc R800:2cyc
      |000308|0408|  7A
------+------+----+----------------------------------
   989|      |    |ADD A, A
      |      |    |  Z80:5cyc R800:1cyc
      |000309|0409|  87
------+------+----+----------------------------------
   990|      |    |AND A, 6
      |      |    |  Z80:8cyc R800:2cyc
      |00030A|040A|  E6 06
------+------+----+----------------------------------
   991|      |    |XOR A, 7
      |      |    |  Z80:8cyc R800:2cyc
      |00030C|040C|  EE 07
------+------+----+----------------------------------
   992|      |    |LD E, 27
      |      |    |  Z80:8cyc R800:2cyc
      |00030E|040E|  1E 1B
------+------+----+----------------------------------
   993|      |    |CALL WRITE_CONTROL_REGISTER
      |      |    |  Z80:18cyc R800:5cyc
      |000310|0410|  CD 9C 01
------+------+----+----------------------------------
   994|      |    |LD A, D
      |      |    |  Z80:5cyc R800:2cyc
      |000313|0413|  7A
------+------+----+----------------------------------
   995|      |    |RRCA
      |      |    |  Z80:5cyc R800:1cyc
      |000314|0414|  0F
------+------+----+----------------------------------
   996|      |    |RRCA
      |      |    |  Z80:5cyc R800:1cyc
      |000315|0415|  0F
------+------+----+----------------------------------
   997|      |    |AND A, 0x3F
      |      |    |  Z80:8cyc R800:2cyc
      |000316|0416|  E6 3F
------+------+----+----------------------------------
   998|      |    |LD E, 26
      |      |    |  Z80:8cyc R800:2cyc
      |000318|0418|  1E 1A
------+------+----+----------------------------------
   999|      |    |CALL WRITE_CONTROL_REGISTER
      |      |    |  Z80:18cyc R800:5cyc
      |00031A|041A|  CD 9C 01
------+------+----+----------------------------------
  1001|      |    |XOR A, A
      |      |    |  Z80:5cyc R800:1cyc
      |00031D|041D|  AF
------+------+----+----------------------------------
  1002|      |    |WAIT_LOOP1 :
      |      |    |  label [HSCROLL2:WAIT_LOOP1] address: 0x00041e
------+------+----+----------------------------------
  1003|      |    |LD E, 10
      |      |    |  Z80:8cyc R800:2cyc
      |00031E|041E|  1E 0A
------+------+----+----------------------------------
  1004|      |    |WAIT_LOOP2 :
      |      |    |  label [HSCROLL2:WAIT_LOOP2] address: 0x000420
------+------+----+----------------------------------
  1005|      |    |DEC E
      |      |    |  Z80:5cyc R800:1cyc
      |000320|0420|  1D
------+------+----+----------------------------------
  1006|      |    |JR NZ, WAIT_LOOP2
      |      |    |  Z80:13cyc/8cyc R800:3cyc/2cyc
      |000321|0421|  20 FD
------+------+----+----------------------------------
  1007|      |    |DEC A
      |      |    |  Z80:5cyc R800:1cyc
      |000323|0423|  3D
------+------+----+----------------------------------
  1008|      |    |JR NZ, WAIT_LOOP1
      |      |    |  Z80:13cyc/8cyc R800:3cyc/2cyc
      |000324|0424|  20 F8
------+------+----+----------------------------------
  1010|      |    |INC D
      |      |    |  Z80:5cyc R800:1cyc
      |000326|0426|  14
------+------+----+----------------------------------
  1011|      |    |JR NZ, LOOP
      |      |    |  Z80:13cyc/8cyc R800:3cyc/2cyc
      |000327|0427|  20 DF
------+------+----+----------------------------------
  1013|      |    |XOR A, A
      |      |    |  Z80:5cyc R800:1cyc
      |000329|0429|  AF
------+------+----+----------------------------------
  1014|      |    |LD E, 26
      |      |    |  Z80:8cyc R800:2cyc
      |00032A|042A|  1E 1A
------+------+----+----------------------------------
  1015|      |    |CALL WRITE_CONTROL_REGISTER
      |      |    |  Z80:18cyc R800:5cyc
      |00032C|042C|  CD 9C 01
------+------+----+----------------------------------
  1016|      |    |XOR A, A
      |      |    |  Z80:5cyc R800:1cyc
      |00032F|042F|  AF
------+------+----+----------------------------------
  1017|      |    |LD E, 27
      |      |    |  Z80:8cyc R800:2cyc
      |000330|0430|  1E 1B
------+------+----+----------------------------------
  1018|      |    |CALL WRITE_CONTROL_REGISTER
      |      |    |  Z80:18cyc R800:5cyc
      |000332|0432|  CD 9C 01
------+------+----+----------------------------------
  1020|      |    |LD A, 0x1F
      |      |    |  Z80:8cyc R800:2cyc
      |000335|0435|  3E 1F
------+------+----+----------------------------------
  1021|      |    |LD E, 2
      |      |    |  Z80:8cyc R800:2cyc
      |000337|0437|  1E 02
------+------+----+----------------------------------
  1022|      |    |CALL WRITE_CONTROL_REGISTER
      |      |    |  Z80:18cyc R800:5cyc
      |000339|0439|  CD 9C 01
------+------+----+----------------------------------
  1024|      |    |XOR A, A
      |      |    |  Z80:5cyc R800:1cyc
      |00033C|043C|  AF
------+------+----+----------------------------------
  1025|      |    |LD E, 25
      |      |    |  Z80:8cyc R800:2cyc
      |00033D|043D|  1E 19
------+------+----+----------------------------------
  1026|      |    |CALL WRITE_CONTROL_REGISTER
      |      |    |  Z80:18cyc R800:5cyc
      |00033F|043F|  CD 9C 01
------+------+----+----------------------------------
  1028|      |    |JP WAIT_PUSH_SPACE_KEY
      |      |    |  Z80:11cyc R800:5cyc
      |000342|0442|  C3 9E 02
------+------+----+----------------------------------
  1029|      |    |ENDSCOPE
      |      |    |  Exit scope: HSCROLL2:
------+------+----+----------------------------------
  1042|      |    |SCOPE BLINK
      |      |    |  Enter scope: BLINK:
------+------+----+----------------------------------
  1043|      |    |BLINK ::
      |      |    |  global label [BLINK] address: 0x000445
------+------+----+----------------------------------
  1044|      |    |LD A, 0x3F
      |      |    |  Z80:8cyc R800:2cyc
      |000345|0445|  3E 3F
------+------+----+----------------------------------
  1045|      |    |LD E, 2
      |      |    |  Z80:8cyc R800:2cyc
      |000347|0447|  1E 02
------+------+----+----------------------------------
  1046|      |    |CALL WRITE_CONTROL_REGISTER
      |      |    |  Z80:18cyc R800:5cyc
      |000349|0449|  CD 9C 01
------+------+----+----------------------------------
  1047|      |    |LD A, 0x33
      |      |    |  Z80:8cyc R800:2cyc
      |00034C|044C|  3E 33
------+------+----+----------------------------------
  1048|      |    |LD E, 13
      |      |    |  Z80:8cyc R800:2cyc
      |00034E|044E|  1E 0D
------+------+----+----------------------------------
  1049|      |    |CALL WRITE_CONTROL_REGISTER
      |      |    |  Z80:18cyc R800:5cyc
      |000350|0450|  CD 9C 01
------+------+----+----------------------------------
  1050|      |    |LD A, 0x84
      |      |    |  Z80:8cyc R800:2cyc
      |000353|0453|  3E 84
------+------+----+----------------------------------
  1051|      |    |LD E, 9
      |      |    |  Z80:8cyc R800:2cyc
      |000355|0455|  1E 09
------+------+----+----------------------------------
  1052|      |    |CALL WRITE_CONTROL_REGISTER
      |      |    |  Z80:18cyc R800:5cyc
      |000357|0457|  CD 9C 01
------+------+----+----------------------------------
  1053|      |    |RET
      |      |    |  Z80:11cyc R800:5cyc
      |00035A|045A|  C9
------+------+----+----------------------------------
  1054|      |    |ENDSCOPE
      |      |    |  Exit scope: BLINK:
------+------+----+----------------------------------
  1067|      |    |SCOPE DISPLAY_ADJUST
      |      |    |  Enter scope: DISPLAY_ADJUST:
------+------+----+----------------------------------
  1068|      |    |DISPLAY_ADJUST ::
      |      |    |  global label [DISPLAY_ADJUST] address: 0x00045b
------+------+----+----------------------------------
  1069|      |    |LD HL, ADJUST_TABLE
      |      |    |  Z80:11cyc R800:3cyc
      |00035B|045B|  21 75 04
------+------+----+----------------------------------
  1070|      |    |LOOP :
      |      |    |  label [DISPLAY_ADJUST:LOOP] address: 0x00045e
------+------+----+----------------------------------
  1071|      |    |LD A, [ HL ]
      |      |    |  Z80:8cyc R800:4cyc
      |00035E|045E|  7E
------+------+----+----------------------------------
  1072|      |    |LD E, 18
      |      |    |  Z80:8cyc R800:2cyc
      |00035F|045F|  1E 12
------+------+----+----------------------------------
  1073|      |    |CALL WRITE_CONTROL_REGISTER
      |      |    |  Z80:18cyc R800:5cyc
      |000361|0461|  CD 9C 01
------+------+----+----------------------------------
  1074|      |    |XOR A, A
      |      |    |  Z80:5cyc R800:1cyc
      |000364|0464|  AF
------+------+----+----------------------------------
  1075|      |    |WAIT_LOOP1 :
      |      |    |  label [DISPLAY_ADJUST:WAIT_LOOP1] address: 0x000465
------+------+----+----------------------------------
  1076|      |    |LD E, 10
      |      |    |  Z80:8cyc R800:2cyc
      |000365|0465|  1E 0A
------+------+----+----------------------------------
  1077|      |    |WAIT_LOOP2 :
      |      |    |  label [DISPLAY_ADJUST:WAIT_LOOP2] address: 0x000467
------+------+----+----------------------------------
  1078|      |    |DEC E
      |      |    |  Z80:5cyc R800:1cyc
      |000367|0467|  1D
------+------+----+----------------------------------
  1079|      |    |JR NZ, WAIT_LOOP2
      |      |    |  Z80:13cyc/8cyc R800:3cyc/2cyc
      |000368|0468|  20 FD
------+------+----+----------------------------------
  1080|      |    |DEC A
      |      |    |  Z80:5cyc R800:1cyc
      |00036A|046A|  3D
------+------+----+----------------------------------
  1081|      |    |JR NZ, WAIT_LOOP1
      |      |    |  Z80:13cyc/8cyc R800:3cyc/2cyc
      |00036B|046B|  20 F8
------+------+----+----------------------------------
  1083|      |    |LD A, [ HL ]
      |      |    |  Z80:8cyc R800:4cyc
      |00036D|046D|  7E
------+------+----+----------------------------------
  1084|      |    |INC HL
      |      |    |  Z80:7cyc R800:1cyc
      |00036E|046E|  23
------+------+----+----------------------------------
  1085|      |    |OR A, A
      |      |    |  Z80:5cyc R800:1cyc
      |00036F|046F|  B7
------+------+----+----------------------------------
  1086|      |    |JR NZ, LOOP
      |      |    |  Z80:13cyc/8cyc R800:3cyc/2cyc
      |000370|0470|  20 EC
------+------+----+----------------------------------
  1087|      |    |JP WAIT_PUSH_SPACE_KEY
      |      |    |  Z80:11cyc R800:5cyc
      |000372|0472|  C3 9E 02
------+------+----+----------------------------------
  1089|      |    |ADJUST_TABLE :
      |      |    |  label [DISPLAY_ADJUST:ADJUST_TABLE] address: 0x000475
------+------+----+----------------------------------
  1090|      |    |DB 0x11, 0x22, 0x33, 0x44, 0x55, 0x66, 0x77
      |000375|0475|  11 22 33 44 55 66 77
------+------+----+----------------------------------
  1091|      |    |DB 0x76, 0x75, 0x74, 0x73, 0x72, 0x71, 0x70
      |00037C|047C|  76 75 74 73 72 71 70
------+------+----+----------------------------------
  1092|      |    |DB 0x7F, 0x7E, 0x7D, 0x7C, 0x7B, 0x7A, 0x79
      |000383|0483|  7F 7E 7D 7C 7B 7A 79
------+------+----+----------------------------------
  1093|      |    |DB 0x78, 0x68, 0x58, 0x48, 0x38, 0x28, 0x18
      |00038A|048A|  78 68 58 48 38 28 18
------+------+----+----------------------------------
  1094|      |    |DB 0x08, 0xF8, 0xE8, 0xD8, 0xC8, 0xB8, 0xA8
      |000391|0491|  08 F8 E8 D8 C8 B8 A8
------+------+----+----------------------------------
  1095|      |    |DB 0x98, 0x88, 0x99, 0xAA, 0xBB, 0xCC, 0xDD
      |000398|0498|  98 88 99 AA BB CC DD
------+------+----+----------------------------------
  1096|      |    |DB 0xEE, 0xFF, 0x00
      |00039F|049F|  EE FF 00
------+------+----+----------------------------------
  1097|      |    |ENDSCOPE
      |      |    |  Exit scope: DISPLAY_ADJUST:
------+------+----+----------------------------------
  1111|      |    |SCOPE PUTS
      |      |    |  Enter scope: PUTS:
------+------+----+----------------------------------
  1112|      |    |PUTS ::
      |      |    |  global label [PUTS] address: 0x0004a2
------+------+----+----------------------------------
  1113|      |    |CALL SET_VRAM_WRITE_ADDRESS
      |      |    |  Z80:18cyc R800:5cyc
      |0003A2|04A2|  CD 60 01
------+------+----+----------------------------------
  1114|      |    |LOOP :
      |      |    |  label [PUTS:LOOP] address: 0x0004a5
------+------+----+----------------------------------
  1115|      |    |LD A, [ DE ]
      |      |    |  Z80:8cyc R800:4cyc
      |0003A5|04A5|  1A
------+------+----+----------------------------------
  1116|      |    |INC DE
      |      |    |  Z80:7cyc R800:1cyc
      |0003A6|04A6|  13
------+------+----+----------------------------------
  1117|      |    |OR A, A
      |      |    |  Z80:5cyc R800:1cyc
      |0003A7|04A7|  B7
------+------+----+----------------------------------
  1118|      |    |RET Z
      |      |    |  Z80:12cyc/6cyc R800:5cyc/1cyc
      |0003A8|04A8|  C8
------+------+----+----------------------------------
  1119|      |    |CALL WRITE_VRAM
      |      |    |  Z80:18cyc R800:5cyc
      |0003A9|04A9|  CD CA 01
------+------+----+----------------------------------
  1120|      |    |JR LOOP
      |      |    |  Z80:13cyc R800:3cyc
      |0003AC|04AC|  18 F7
------+------+----+----------------------------------
  1121|      |    |ENDSCOPE
      |      |    |  Exit scope: PUTS:
------+------+----+----------------------------------
  1135|      |    |SCOPE PUT_HEX
      |      |    |  Enter scope: PUT_HEX:
------+------+----+----------------------------------
  1136|      |    |PUT_HEX ::
      |      |    |  global label [PUT_HEX] address: 0x0004ae
------+------+----+----------------------------------
  1137|      |    |PUSH AF
      |      |    |  Z80:12cyc R800:6cyc
      |0003AE|04AE|  F5
------+------+----+----------------------------------
  1138|      |    |CALL SET_VRAM_WRITE_ADDRESS
      |      |    |  Z80:18cyc R800:5cyc
      |0003AF|04AF|  CD 60 01
------+------+----+----------------------------------
  1139|      |    |POP AF
      |      |    |  Z80:11cyc R800:5cyc
      |0003B2|04B2|  F1
------+------+----+----------------------------------
  1140|      |    |PUSH AF
      |      |    |  Z80:12cyc R800:6cyc
      |0003B3|04B3|  F5
------+------+----+----------------------------------
  1141|      |    |RRCA
      |      |    |  Z80:5cyc R800:1cyc
      |0003B4|04B4|  0F
------+------+----+----------------------------------
  1142|      |    |RRCA
      |      |    |  Z80:5cyc R800:1cyc
      |0003B5|04B5|  0F
------+------+----+----------------------------------
  1143|      |    |RRCA
      |      |    |  Z80:5cyc R800:1cyc
      |0003B6|04B6|  0F
------+------+----+----------------------------------
  1144|      |    |RRCA
      |      |    |  Z80:5cyc R800:1cyc
      |0003B7|04B7|  0F
------+------+----+----------------------------------
  1145|      |    |CALL PUT_ONE
      |      |    |  Z80:18cyc R800:5cyc
      |0003B8|04B8|  CD BC 04
------+------+----+----------------------------------
  1146|      |    |POP AF
      |      |    |  Z80:11cyc R800:5cyc
      |0003BB|04BB|  F1
------+------+----+----------------------------------
  1147|      |    |PUT_ONE :
      |      |    |  label [PUT_HEX:PUT_ONE] address: 0x0004bc
------+------+----+----------------------------------
  1148|      |    |AND A, 0x0F
      |      |    |  Z80:8cyc R800:2cyc
      |0003BC|04BC|  E6 0F
------+------+----+----------------------------------
  1149|      |    |ADD A, '0'
      |      |    |  Z80:8cyc R800:2cyc
      |0003BE|04BE|  C6 30
------+------+----+----------------------------------
  1150|      |    |CP A, '9' + 1
      |      |    |  Z80:8cyc R800:2cyc
      |0003C0|04C0|  FE 3A
------+------+----+----------------------------------
  1151|      |    |JR C, PUT_ONE_SKIP
      |      |    |  Z80:13cyc/8cyc R800:3cyc/2cyc
      |0003C2|04C2|  38 02
------+------+----+----------------------------------
  1152|      |    |ADD A, 'A' - '0' - 10
      |      |    |  Z80:8cyc R800:2cyc
      |0003C4|04C4|  C6 07
------+------+----+----------------------------------
  1153|      |    |PUT_ONE_SKIP :
      |      |    |  label [PUT_HEX:PUT_ONE_SKIP] address: 0x0004c6
------+------+----+----------------------------------
  1154|      |    |CALL WRITE_VRAM
      |      |    |  Z80:18cyc R800:5cyc
      |0003C6|04C6|  CD CA 01
------+------+----+----------------------------------
  1155|      |    |RET
      |      |    |  Z80:11cyc R800:5cyc
      |0003C9|04C9|  C9
------+------+----+----------------------------------
  1156|      |    |ENDSCOPE
      |      |    |  Exit scope: PUT_HEX:
------+------+----+----------------------------------
  1171|      |    |SCOPE RUN_COMMAND
      |      |    |  Enter scope: RUN_COMMAND:
------+------+----+----------------------------------
  1172|      |    |RUN_COMMAND ::
      |      |    |  global label [RUN_COMMAND] address: 0x0004ca
------+------+----+----------------------------------
  1173|      |    |P_VDP_PORT16 := $ + 1
      |      |    |  Global integer symbol [P_VDP_PORT16] = 1227 (0x4cb)
------+------+----+----------------------------------
  1174|      |    |LD C, VDP_PORT1
      |      |    |  Z80:8cyc R800:2cyc
      |0003CA|04CA|  0E 99
------+------+----+----------------------------------
  1175|      |    |OUT [ C ], A
      |      |    |  Z80:14cyc R800:10cyc/9cyc
      |0003CC|04CC|  ED 79
------+------+----+----------------------------------
  1176|      |    |LD A, 0x80 + 17
      |      |    |  Z80:8cyc R800:2cyc
      |0003CE|04CE|  3E 91
------+------+----+----------------------------------
  1177|      |    |OUT [ C ], A
      |      |    |  Z80:14cyc R800:10cyc/9cyc
      |0003D0|04D0|  ED 79
------+------+----+----------------------------------
  1178|      |    |INC C
      |      |    |  Z80:5cyc R800:1cyc
      |0003D2|04D2|  0C
------+------+----+----------------------------------
  1179|      |    |INC C
      |      |    |  Z80:5cyc R800:1cyc
      |0003D3|04D3|  0C
------+------+----+----------------------------------
  1180|      |    |OTIR
      |      |    |  Z80:23cyc/18cyc R800:12cyc/11cyc
      |0003D4|04D4|  ED B3
------+------+----+----------------------------------
  1181|      |    |RET
      |      |    |  Z80:11cyc R800:5cyc
      |0003D6|04D6|  C9
------+------+----+----------------------------------
  1182|      |    |ENDSCOPE
      |      |    |  Exit scope: RUN_COMMAND:
------+------+----+----------------------------------
  1195|      |    |SCOPE WAIT_COMMAND
      |      |    |  Enter scope: WAIT_COMMAND:
------+------+----+----------------------------------
  1196|      |    |WAIT_COMMAND ::
      |      |    |  global label [WAIT_COMMAND] address: 0x0004d7
------+------+----+----------------------------------
  1197|      |    |LD E, 2
      |      |    |  Z80:8cyc R800:2cyc
      |0003D7|04D7|  1E 02
------+------+----+----------------------------------
  1198|      |    |CALL READ_STATUS_REGISTER
      |      |    |  Z80:18cyc R800:5cyc
      |0003D9|04D9|  CD B5 01
------+------+----+----------------------------------
  1199|      |    |LD A, E
      |      |    |  Z80:5cyc R800:2cyc
      |0003DC|04DC|  7B
------+------+----+----------------------------------
  1200|      |    |AND A, 1
      |      |    |  Z80:8cyc R800:2cyc
      |0003DD|04DD|  E6 01
------+------+----+----------------------------------
  1201|      |    |LD A, E
      |      |    |  Z80:5cyc R800:2cyc
      |0003DF|04DF|  7B
------+------+----+----------------------------------
  1202|      |    |LD [ LAST_S2 ], A
      |      |    |  Z80:14cyc R800:6cyc
      |0003E0|04E0|  32 E7 04
------+------+----+----------------------------------
  1203|      |    |RET Z
      |      |    |  Z80:12cyc/6cyc R800:5cyc/1cyc
      |0003E3|04E3|  C8
------+------+----+----------------------------------
  1204|      |    |JR WAIT_COMMAND
      |      |    |  Z80:13cyc R800:3cyc
      |0003E4|04E4|  18 F1
------+------+----+----------------------------------
  1205|      |    |ENDSCOPE
      |      |    |  Exit scope: WAIT_COMMAND:
------+------+----+----------------------------------
  1207|      |    |VRAM_BIT16 ::
      |      |    |  global label [VRAM_BIT16] address: 0x0004e6
------+------+----+----------------------------------
  1208|      |    |DB 0
      |0003E6|04E6|  00
------+------+----+----------------------------------
  1209|      |    |LAST_S2 ::
      |      |    |  global label [LAST_S2] address: 0x0004e7
------+------+----+----------------------------------
  1210|      |    |DB 0
      |0003E7|04E7|  00
------+------+----+----------------------------------
  1223|      |    |SCOPE VDP_IO_SELECT
      |      |    |  Enter scope: VDP_IO_SELECT:
------+------+----+----------------------------------
  1224|      |    |VDP_IO_SELECT ::
      |      |    |  global label [VDP_IO_SELECT] address: 0x0004e8
------+------+----+----------------------------------
  1226|      |    |LD HL, COMMAND_LINE
      |      |    |  Z80:11cyc R800:3cyc
      |0003E8|04E8|  21 5D 00
------+------+----+----------------------------------
  1227|      |    |LD B, 16
      |      |    |  Z80:8cyc R800:2cyc
      |0003EB|04EB|  06 10
------+------+----+----------------------------------
  1228|      |    |SEARCH_LOOP :
      |      |    |  label [VDP_IO_SELECT:SEARCH_LOOP] address: 0x0004ed
------+------+----+----------------------------------
  1229|      |    |DEC B
      |      |    |  Z80:5cyc R800:1cyc
      |0003ED|04ED|  05
------+------+----+----------------------------------
  1230|      |    |JR Z, EXIT_SEARCH
      |      |    |  Z80:13cyc/8cyc R800:3cyc/2cyc
      |0003EE|04EE|  28 06
------+------+----+----------------------------------
  1231|      |    |LD A, [ HL ]
      |      |    |  Z80:8cyc R800:4cyc
      |0003F0|04F0|  7E
------+------+----+----------------------------------
  1232|      |    |INC HL
      |      |    |  Z80:7cyc R800:1cyc
      |0003F1|04F1|  23
------+------+----+----------------------------------
  1233|      |    |CP A, ' '
      |      |    |  Z80:8cyc R800:2cyc
      |0003F2|04F2|  FE 20
------+------+----+----------------------------------
  1234|      |    |JR Z, SEARCH_LOOP
      |      |    |  Z80:13cyc/8cyc R800:3cyc/2cyc
      |0003F4|04F4|  28 F7
------+------+----+----------------------------------
  1235|      |    |EXIT_SEARCH :
      |      |    |  label [VDP_IO_SELECT:EXIT_SEARCH] address: 0x0004f6
------+------+----+----------------------------------
  1236|      |    |CP A, '8'
      |      |    |  Z80:8cyc R800:2cyc
      |0003F6|04F6|  FE 38
------+------+----+----------------------------------
  1237|      |    |RET NZ
      |      |    |  Z80:12cyc/6cyc R800:5cyc/1cyc
      |0003F8|04F8|  C0
------+------+----+----------------------------------
  1239|      |    |LD HL, UPDATE_TABLE
      |      |    |  Z80:11cyc R800:3cyc
      |0003F9|04F9|  21 0B 05
------+------+----+----------------------------------
  1240|      |    |UPDATE_LOOP :
      |      |    |  label [VDP_IO_SELECT:UPDATE_LOOP] address: 0x0004fc
------+------+----+----------------------------------
  1242|      |    |LD E, [ HL ]
      |      |    |  Z80:8cyc R800:4cyc
      |0003FC|04FC|  5E
------+------+----+----------------------------------
  1243|      |    |INC HL
      |      |    |  Z80:7cyc R800:1cyc
      |0003FD|04FD|  23
------+------+----+----------------------------------
  1244|      |    |LD D, [ HL ]
      |      |    |  Z80:8cyc R800:4cyc
      |0003FE|04FE|  56
------+------+----+----------------------------------
  1245|      |    |INC HL
      |      |    |  Z80:7cyc R800:1cyc
      |0003FF|04FF|  23
------+------+----+----------------------------------
  1247|      |    |LD A, E
      |      |    |  Z80:5cyc R800:2cyc
      |000400|0500|  7B
------+------+----+----------------------------------
  1248|      |    |OR A, D
      |      |    |  Z80:5cyc R800:1cyc
      |000401|0501|  B2
------+------+----+----------------------------------
  1249|      |    |RET Z
      |      |    |  Z80:12cyc/6cyc R800:5cyc/1cyc
      |000402|0502|  C8
------+------+----+----------------------------------
  1251|      |    |EX DE, HL
      |      |    |  Z80:5cyc R800:1cyc
      |000403|0503|  EB
------+------+----+----------------------------------
  1252|      |    |LD A, [ HL ]
      |      |    |  Z80:8cyc R800:4cyc
      |000404|0504|  7E
------+------+----+----------------------------------
  1253|      |    |AND A, 0x8F
      |      |    |  Z80:8cyc R800:2cyc
      |000405|0505|  E6 8F
------+------+----+----------------------------------
  1254|      |    |LD [ HL ], A
      |      |    |  Z80:8cyc R800:4cyc
      |000407|0507|  77
------+------+----+----------------------------------
  1255|      |    |EX DE, HL
      |      |    |  Z80:5cyc R800:1cyc
      |000408|0508|  EB
------+------+----+----------------------------------
  1256|      |    |JR UPDATE_LOOP
      |      |    |  Z80:13cyc R800:3cyc
      |000409|0509|  18 F1
------+------+----+----------------------------------
  1257|      |    |UPDATE_TABLE :
      |      |    |  label [VDP_IO_SELECT:UPDATE_TABLE] address: 0x00050b
------+------+----+----------------------------------
  1258|      |    |DW IO_VDP_PORT0
      |00040B|050B|  5B 01
------+------+----+----------------------------------
  1259|      |    |DW IO_VDP_PORT1
      |00040D|050D|  5C 01
------+------+----+----------------------------------
  1260|      |    |DW IO_VDP_PORT2
      |00040F|050F|  5D 01
------+------+----+----------------------------------
  1261|      |    |DW IO_VDP_PORT3
      |000411|0511|  5E 01
------+------+----+----------------------------------
  1262|      |    |DW P_VDP_PORT0
      |000413|0513|  76 01
------+------+----+----------------------------------
  1263|      |    |DW P_VDP_PORT1
      |000415|0515|  7D 01
------+------+----+----------------------------------
  1264|      |    |DW P_VDP_PORT2
      |000417|0517|  95 01
------+------+----+----------------------------------
  1265|      |    |DW P_VDP_PORT3
      |000419|0519|  9A 01
------+------+----+----------------------------------
  1266|      |    |DW P_VDP_PORT4
      |00041B|051B|  9D 01
------+------+----+----------------------------------
  1267|      |    |DW P_VDP_PORT5
      |00041D|051D|  A4 01
------+------+----+----------------------------------
  1268|      |    |DW P_VDP_PORT6
      |00041F|051F|  A7 01
------+------+----+----------------------------------
  1269|      |    |DW P_VDP_PORT7
      |000421|0521|  AA 01
------+------+----+----------------------------------
  1270|      |    |DW P_VDP_PORT8
      |000423|0523|  B7 01
------+------+----+----------------------------------
  1271|      |    |DW P_VDP_PORT9
      |000425|0525|  BB 01
------+------+----+----------------------------------
  1272|      |    |DW P_VDP_PORT10
      |000427|0527|  BD 01
------+------+----+----------------------------------
  1273|      |    |DW P_VDP_PORT11
      |000429|0529|  C1 01
------+------+----+----------------------------------
  1274|      |    |DW P_VDP_PORT12
      |00042B|052B|  C5 01
------+------+----+----------------------------------
  1275|      |    |DW P_VDP_PORT13
      |00042D|052D|  C8 01
------+------+----+----------------------------------
  1276|      |    |DW P_VDP_PORT14
      |00042F|052F|  CB 01
------+------+----+----------------------------------
  1277|      |    |DW P_VDP_PORT15
      |000431|0531|  CE 01
------+------+----+----------------------------------
  1278|      |    |DW P_VDP_PORT16
      |000433|0533|  CB 04
------+------+----+----------------------------------
  1279|      |    |DW P_VDP_PORT17
      |000435|0535|  AD 01
------+------+----+----------------------------------
  1280|      |    |DW P_VDP_PORT18
      |000437|0537|  B0 01
------+------+----+----------------------------------
  1281|      |    |DW P_VDP_PORT19
      |000439|0539|  B3 01
------+------+----+----------------------------------
  1282|      |    |DW 0
      |00043B|053B|  00 00
------+------+----+----------------------------------
  1283|      |    |ENDSCOPE
      |      |    |  Exit scope: VDP_IO_SELECT:
------+------+----+----------------------------------
  1296|      |    |SCOPE CLEAR_KEY_BUFFER
      |      |    |  Enter scope: CLEAR_KEY_BUFFER:
------+------+----+----------------------------------
  1297|      |    |CLEAR_KEY_BUFFER ::
      |      |    |  global label [CLEAR_KEY_BUFFER] address: 0x00053d
------+------+----+----------------------------------
  1298|      |    |DI
      |      |    |  Z80:5cyc R800:2cyc
      |00043D|053D|  F3
------+------+----+----------------------------------
  1299|      |    |LD IY, [ MAIN_ROM_SLOT - 1 ]
      |      |    |  Z80:22cyc R800:8cyc
      |00043E|053E|  FD 2A C0 FC
------+------+----+----------------------------------
  1300|      |    |LD IX, KILBUF
      |      |    |  Z80:16cyc R800:4cyc
      |000442|0542|  DD 21 56 01
------+------+----+----------------------------------
  1301|      |    |CALL CALSLT
      |      |    |  Z80:18cyc R800:5cyc
      |000446|0546|  CD 1C 00
------+------+----+----------------------------------
  1302|      |    |LD IY, [ MAIN_ROM_SLOT - 1 ]
      |      |    |  Z80:22cyc R800:8cyc
      |000449|0549|  FD 2A C0 FC
------+------+----+----------------------------------
  1303|      |    |LD IX, CHGMOD
      |      |    |  Z80:16cyc R800:4cyc
      |00044D|054D|  DD 21 5F 00
------+------+----+----------------------------------
  1304|      |    |LD A, 0
      |      |    |  Z80:8cyc R800:2cyc
      |000451|0551|  3E 00
------+------+----+----------------------------------
  1305|      |    |CALL CALSLT
      |      |    |  Z80:18cyc R800:5cyc
      |000453|0553|  CD 1C 00
------+------+----+----------------------------------
  1306|      |    |EI
      |      |    |  Z80:5cyc R800:1cyc
      |000456|0556|  FB
------+------+----+----------------------------------
  1307|      |    |RET
      |      |    |  Z80:11cyc R800:5cyc
      |000457|0557|  C9
------+------+----+----------------------------------
  1308|      |    |ENDSCOPE
      |      |    |  Exit scope: CLEAR_KEY_BUFFER:
------+------+----+----------------------------------
     8|      |    |INCLUDE "lib.asm" end
    10|      |    |START :
      |      |    |  label [START] address: 0x000558
------+------+----+----------------------------------
    12|      |    |CALL VDP_IO_SELECT
      |      |    |  Z80:18cyc R800:5cyc
      |000458|0558|  CD E8 04
------+------+----+----------------------------------
    13|      |    |CALL COPY_ROM_FONT
      |      |    |  Z80:18cyc R800:5cyc
      |00045B|055B|  CD 3E 02
------+------+----+----------------------------------
    15|      |    |DI
      |      |    |  Z80:5cyc R800:2cyc
      |00045E|055E|  F3
------+------+----+----------------------------------
    16|      |    |CALL SCREEN1
      |      |    |  Z80:18cyc R800:5cyc
      |00045F|055F|  CD 75 05
------+------+----+----------------------------------
    17|      |    |CALL SP1_PATTERN_TEST1
      |      |    |  Z80:18cyc R800:5cyc
      |000462|0562|  CD 0F 06
------+------+----+----------------------------------
    21|      |    |LD A, 0x00
      |      |    |  Z80:8cyc R800:2cyc
      |000465|0565|  3E 00
------+------+----+----------------------------------
    22|      |    |LD E, 15
      |      |    |  Z80:8cyc R800:2cyc
      |000467|0567|  1E 0F
------+------+----+----------------------------------
    23|      |    |CALL WRITE_CONTROL_REGISTER
      |      |    |  Z80:18cyc R800:5cyc
      |000469|0569|  CD 9C 01
------+------+----+----------------------------------
    24|      |    |EI
      |      |    |  Z80:5cyc R800:1cyc
      |00046C|056C|  FB
------+------+----+----------------------------------
    25|      |    |CALL CLEAR_KEY_BUFFER
      |      |    |  Z80:18cyc R800:5cyc
      |00046D|056D|  CD 3D 05
------+------+----+----------------------------------
    26|      |    |LD C, _TERM0
      |      |    |  Z80:8cyc R800:2cyc
      |000470|0570|  0E 00
------+------+----+----------------------------------
    27|      |    |JP BDOS
      |      |    |  Z80:11cyc R800:5cyc
      |000472|0572|  C3 05 00
------+------+----+----------------------------------
    41|      |    |SCOPE SCREEN1
      |      |    |  Enter scope: SCREEN1:
------+------+----+----------------------------------
    42|      |    |SCREEN1 ::
      |      |    |  global label [SCREEN1] address: 0x000575
------+------+----+----------------------------------
    44|      |    |XOR A, A
      |      |    |  Z80:5cyc R800:1cyc
      |000475|0575|  AF
------+------+----+----------------------------------
    45|      |    |LD E, A
      |      |    |  Z80:5cyc R800:2cyc
      |000476|0576|  5F
------+------+----+----------------------------------
    46|      |    |CALL WRITE_CONTROL_REGISTER
      |      |    |  Z80:18cyc R800:5cyc
      |000477|0577|  CD 9C 01
------+------+----+----------------------------------
    48|      |    |LD A, 0x40
      |      |    |  Z80:8cyc R800:2cyc
      |00047A|057A|  3E 40
------+------+----+----------------------------------
    49|      |    |LD E, 1
      |      |    |  Z80:8cyc R800:2cyc
      |00047C|057C|  1E 01
------+------+----+----------------------------------
    50|      |    |CALL WRITE_CONTROL_REGISTER
      |      |    |  Z80:18cyc R800:5cyc
      |00047E|057E|  CD 9C 01
------+------+----+----------------------------------
    52|      |    |LD A, 0x07
      |      |    |  Z80:8cyc R800:2cyc
      |000481|0581|  3E 07
------+------+----+----------------------------------
    53|      |    |LD E, 7
      |      |    |  Z80:8cyc R800:2cyc
      |000483|0583|  1E 07
------+------+----+----------------------------------
    54|      |    |CALL WRITE_CONTROL_REGISTER
      |      |    |  Z80:18cyc R800:5cyc
      |000485|0585|  CD 9C 01
------+------+----+----------------------------------
    56|      |    |LD A, 0x00
      |      |    |  Z80:8cyc R800:2cyc
      |000488|0588|  3E 00
------+------+----+----------------------------------
    57|      |    |LD E, 8
      |      |    |  Z80:8cyc R800:2cyc
      |00048A|058A|  1E 08
------+------+----+----------------------------------
    58|      |    |CALL WRITE_CONTROL_REGISTER
      |      |    |  Z80:18cyc R800:5cyc
      |00048C|058C|  CD 9C 01
------+------+----+----------------------------------
    60|      |    |LD A, 0x00
      |      |    |  Z80:8cyc R800:2cyc
      |00048F|058F|  3E 00
------+------+----+----------------------------------
    61|      |    |LD E, 9
      |      |    |  Z80:8cyc R800:2cyc
      |000491|0591|  1E 09
------+------+----+----------------------------------
    62|      |    |CALL WRITE_CONTROL_REGISTER
      |      |    |  Z80:18cyc R800:5cyc
      |000493|0593|  CD 9C 01
------+------+----+----------------------------------
    64|      |    |XOR A, A
      |      |    |  Z80:5cyc R800:1cyc
      |000496|0596|  AF
------+------+----+----------------------------------
    65|      |    |LD E, 18
      |      |    |  Z80:8cyc R800:2cyc
      |000497|0597|  1E 12
------+------+----+----------------------------------
    66|      |    |CALL WRITE_CONTROL_REGISTER
      |      |    |  Z80:18cyc R800:5cyc
      |000499|0599|  CD 9C 01
------+------+----+----------------------------------
    68|      |    |XOR A, A
      |      |    |  Z80:5cyc R800:1cyc
      |00049C|059C|  AF
------+------+----+----------------------------------
    69|      |    |LD E, 23
      |      |    |  Z80:8cyc R800:2cyc
      |00049D|059D|  1E 17
------+------+----+----------------------------------
    70|      |    |CALL WRITE_CONTROL_REGISTER
      |      |    |  Z80:18cyc R800:5cyc
      |00049F|059F|  CD 9C 01
------+------+----+----------------------------------
    72|      |    |LD A, 0x00
      |      |    |  Z80:8cyc R800:2cyc
      |0004A2|05A2|  3E 00
------+------+----+----------------------------------
    73|      |    |LD E, 25
      |      |    |  Z80:8cyc R800:2cyc
      |0004A4|05A4|  1E 19
------+------+----+----------------------------------
    74|      |    |CALL WRITE_CONTROL_REGISTER
      |      |    |  Z80:18cyc R800:5cyc
      |0004A6|05A6|  CD 9C 01
------+------+----+----------------------------------
    76|      |    |XOR A, A
      |      |    |  Z80:5cyc R800:1cyc
      |0004A9|05A9|  AF
------+------+----+----------------------------------
    77|      |    |LD E, 26
      |      |    |  Z80:8cyc R800:2cyc
      |0004AA|05AA|  1E 1A
------+------+----+----------------------------------
    78|      |    |CALL WRITE_CONTROL_REGISTER
      |      |    |  Z80:18cyc R800:5cyc
      |0004AC|05AC|  CD 9C 01
------+------+----+----------------------------------
    80|      |    |XOR A, A
      |      |    |  Z80:5cyc R800:1cyc
      |0004AF|05AF|  AF
------+------+----+----------------------------------
    81|      |    |LD E, 27
      |      |    |  Z80:8cyc R800:2cyc
      |0004B0|05B0|  1E 1B
------+------+----+----------------------------------
    82|      |    |CALL WRITE_CONTROL_REGISTER
      |      |    |  Z80:18cyc R800:5cyc
      |0004B2|05B2|  CD 9C 01
------+------+----+----------------------------------
    84|      |    |LD HL, 0x1800
      |      |    |  Z80:11cyc R800:3cyc
      |0004B5|05B5|  21 00 18
------+------+----+----------------------------------
    85|      |    |CALL SET_PATTERN_NAME_TABLE
      |      |    |  Z80:18cyc R800:5cyc
      |0004B8|05B8|  CD D0 01
------+------+----+----------------------------------
    87|      |    |LD HL, 0x2000
      |      |    |  Z80:11cyc R800:3cyc
      |0004BB|05BB|  21 00 20
------+------+----+----------------------------------
    88|      |    |CALL SET_COLOR_TABLE
      |      |    |  Z80:18cyc R800:5cyc
      |0004BE|05BE|  CD DA 01
------+------+----+----------------------------------
    90|      |    |LD HL, 0x1B00
      |      |    |  Z80:11cyc R800:3cyc
      |0004C1|05C1|  21 00 1B
------+------+----+----------------------------------
    91|      |    |CALL SET_SPRITE_ATTRIBUTE_TABLE
      |      |    |  Z80:18cyc R800:5cyc
      |0004C4|05C4|  CD FE 01
------+------+----+----------------------------------
    93|      |    |LD HL, 0x3800
      |      |    |  Z80:11cyc R800:3cyc
      |0004C7|05C7|  21 00 38
------+------+----+----------------------------------
    94|      |    |CALL SET_SPRITE_PATTERN_GENERATOR_TABLE
      |      |    |  Z80:18cyc R800:5cyc
      |0004CA|05CA|  CD 26 02
------+------+----+----------------------------------
    96|      |    |LD HL, 0x0000
      |      |    |  Z80:11cyc R800:3cyc
      |0004CD|05CD|  21 00 00
------+------+----+----------------------------------
    97|      |    |CALL SET_PATTERN_GENERATOR_TABLE
      |      |    |  Z80:18cyc R800:5cyc
      |0004D0|05D0|  CD 32 02
------+------+----+----------------------------------
    99|      |    |CALL CLS
      |      |    |  Z80:18cyc R800:5cyc
      |0004D3|05D3|  CD E8 05
------+------+----+----------------------------------
   101|      |    |LD HL, 0x0000
      |      |    |  Z80:11cyc R800:3cyc
      |0004D6|05D6|  21 00 00
------+------+----+----------------------------------
   102|      |    |CALL SET_FONT
      |      |    |  Z80:18cyc R800:5cyc
      |0004D9|05D9|  CD 7B 02
------+------+----+----------------------------------
   104|      |    |LD HL, 0x2000
      |      |    |  Z80:11cyc R800:3cyc
      |0004DC|05DC|  21 00 20
------+------+----+----------------------------------
   105|      |    |LD BC, 256 / 8
      |      |    |  Z80:11cyc R800:3cyc
      |0004DF|05DF|  01 20 00
------+------+----+----------------------------------
   106|      |    |LD E, 0xF4
      |      |    |  Z80:8cyc R800:2cyc
      |0004E2|05E2|  1E F4
------+------+----+----------------------------------
   107|      |    |CALL FILL_VRAM
      |      |    |  Z80:18cyc R800:5cyc
      |0004E4|05E4|  CD 90 02
------+------+----+----------------------------------
   108|      |    |RET
      |      |    |  Z80:11cyc R800:5cyc
      |0004E7|05E7|  C9
------+------+----+----------------------------------
   109|      |    |ENDSCOPE
      |      |    |  Exit scope: SCREEN1:
------+------+----+----------------------------------
   122|      |    |SCOPE CLS
      |      |    |  Enter scope: CLS:
------+------+----+----------------------------------
   123|      |    |CLS ::
      |      |    |  global label [CLS] address: 0x0005e8
------+------+----+----------------------------------
   125|      |    |LD HL, 0x1800
      |      |    |  Z80:11cyc R800:3cyc
      |0004E8|05E8|  21 00 18
------+------+----+----------------------------------
   126|      |    |LD BC, 32 * 32
      |      |    |  Z80:11cyc R800:3cyc
      |0004EB|05EB|  01 00 04
------+------+----+----------------------------------
   127|      |    |LD E, ' '
      |      |    |  Z80:8cyc R800:2cyc
      |0004EE|05EE|  1E 20
------+------+----+----------------------------------
   128|      |    |CALL FILL_VRAM
      |      |    |  Z80:18cyc R800:5cyc
      |0004F0|05F0|  CD 90 02
------+------+----+----------------------------------
   130|      |    |LD HL, 0x1B00
      |      |    |  Z80:11cyc R800:3cyc
      |0004F3|05F3|  21 00 1B
------+------+----+----------------------------------
   131|      |    |LD BC, 32 * 4
      |      |    |  Z80:11cyc R800:3cyc
      |0004F6|05F6|  01 80 00
------+------+----+----------------------------------
   132|      |    |LD E, 208
      |      |    |  Z80:8cyc R800:2cyc
      |0004F9|05F9|  1E D0
------+------+----+----------------------------------
   133|      |    |CALL FILL_VRAM
      |      |    |  Z80:18cyc R800:5cyc
      |0004FB|05FB|  CD 90 02
------+------+----+----------------------------------
   134|      |    |RET
      |      |    |  Z80:11cyc R800:5cyc
      |0004FE|05FE|  C9
------+------+----+----------------------------------
   135|      |    |ENDSCOPE
      |      |    |  Exit scope: CLS:
------+------+----+----------------------------------
   148|      |    |SCOPE WAIT
      |      |    |  Enter scope: WAIT:
------+------+----+----------------------------------
   149|      |    |WAIT ::
      |      |    |  global label [WAIT] address: 0x0005ff
------+------+----+----------------------------------
   151|      |    |LD A, 0x02
      |      |    |  Z80:8cyc R800:2cyc
      |0004FF|05FF|  3E 02
------+------+----+----------------------------------
   152|      |    |LD E, 15
      |      |    |  Z80:8cyc R800:2cyc
      |000501|0601|  1E 0F
------+------+----+----------------------------------
   153|      |    |CALL WRITE_CONTROL_REGISTER
      |      |    |  Z80:18cyc R800:5cyc
      |000503|0603|  CD 9C 01
------+------+----+----------------------------------
   154|      |    |LD BC, 5000
      |      |    |  Z80:11cyc R800:3cyc
      |000506|0606|  01 88 13
------+------+----+----------------------------------
   155|      |    |LOOP :
      |      |    |  label [WAIT:LOOP] address: 0x000609
------+------+----+----------------------------------
   156|      |    |DEC BC
      |      |    |  Z80:7cyc R800:1cyc
      |000509|0609|  0B
------+------+----+----------------------------------
   157|      |    |LD A, C
      |      |    |  Z80:5cyc R800:2cyc
      |00050A|060A|  79
------+------+----+----------------------------------
   158|      |    |OR A, B
      |      |    |  Z80:5cyc R800:1cyc
      |00050B|060B|  B0
------+------+----+----------------------------------
   159|      |    |JR NZ, LOOP
      |      |    |  Z80:13cyc/8cyc R800:3cyc/2cyc
      |00050C|060C|  20 FB
------+------+----+----------------------------------
   160|      |    |RET
      |      |    |  Z80:11cyc R800:5cyc
      |00050E|060E|  C9
------+------+----+----------------------------------
   161|      |    |ENDSCOPE
      |      |    |  Exit scope: WAIT:
------+------+----+----------------------------------
   174|      |    |SCOPE SP1_PATTERN_TEST1
      |      |    |  Enter scope: SP1_PATTERN_TEST1:
------+------+----+----------------------------------
   175|      |    |SP1_PATTERN_TEST1 ::
      |      |    |  global label [SP1_PATTERN_TEST1] address: 0x00060f
------+------+----+----------------------------------
   176|      |    |CALL CLS
      |      |    |  Z80:18cyc R800:5cyc
      |00050F|060F|  CD E8 05
------+------+----+----------------------------------
   178|      |    |LD HL, 0x1800 + 20 * 32
      |      |    |  Z80:11cyc R800:3cyc
      |000512|0612|  21 80 1A
------+------+----+----------------------------------
   179|      |    |LD DE, S_MESSAGE
      |      |    |  Z80:11cyc R800:3cyc
      |000515|0615|  11 C9 06
------+------+----+----------------------------------
   180|      |    |CALL PUTS
      |      |    |  Z80:18cyc R800:5cyc
      |000518|0618|  CD A2 04
------+------+----+----------------------------------
   182|      |    |LD A, 0x42
      |      |    |  Z80:8cyc R800:2cyc
      |00051B|061B|  3E 42
------+------+----+----------------------------------
   183|      |    |LD E, 1
      |      |    |  Z80:8cyc R800:2cyc
      |00051D|061D|  1E 01
------+------+----+----------------------------------
   184|      |    |CALL WRITE_CONTROL_REGISTER
      |      |    |  Z80:18cyc R800:5cyc
      |00051F|061F|  CD 9C 01
------+------+----+----------------------------------
   186|      |    |LD A, 0x00
      |      |    |  Z80:8cyc R800:2cyc
      |000522|0622|  3E 00
------+------+----+----------------------------------
   187|      |    |LD E, 6
      |      |    |  Z80:8cyc R800:2cyc
      |000524|0624|  1E 06
------+------+----+----------------------------------
   188|      |    |CALL WRITE_CONTROL_REGISTER
      |      |    |  Z80:18cyc R800:5cyc
      |000526|0626|  CD 9C 01
------+------+----+----------------------------------
   189|      |    |XOR A, A
      |      |    |  Z80:5cyc R800:1cyc
      |000529|0629|  AF
------+------+----+----------------------------------
   191|      |    |LD HL, ATTRIBUTE
      |      |    |  Z80:11cyc R800:3cyc
      |00052A|062A|  21 E6 06
------+------+----+----------------------------------
   192|      |    |LD DE, 0x1B00
      |      |    |  Z80:11cyc R800:3cyc
      |00052D|062D|  11 00 1B
------+------+----+----------------------------------
   193|      |    |LD BC, 4 * 32
      |      |    |  Z80:11cyc R800:3cyc
      |000530|0630|  01 80 00
------+------+----+----------------------------------
   194|      |    |CALL BLOCK_COPY
      |      |    |  Z80:18cyc R800:5cyc
      |000533|0633|  CD 99 03
------+------+----+----------------------------------
   195|      |    |CALL PUT_STATUS
      |      |    |  Z80:18cyc R800:5cyc
      |000536|0636|  CD 99 06
------+------+----+----------------------------------
   198|      |    |LD A, 208
      |      |    |  Z80:8cyc R800:2cyc
      |000539|0639|  3E D0
------+------+----+----------------------------------
   199|      |    |LD [ ATTRIBUTE ], A
      |      |    |  Z80:14cyc R800:6cyc
      |00053B|063B|  32 E6 06
------+------+----+----------------------------------
   201|      |    |LD HL, ATTRIBUTE
      |      |    |  Z80:11cyc R800:3cyc
      |00053E|063E|  21 E6 06
------+------+----+----------------------------------
   202|      |    |LD DE, 0x1B00 + 4 * 30
      |      |    |  Z80:11cyc R800:3cyc
      |000541|0641|  11 78 1B
------+------+----+----------------------------------
   203|      |    |LD BC, 4
      |      |    |  Z80:11cyc R800:3cyc
      |000544|0644|  01 04 00
------+------+----+----------------------------------
   204|      |    |CALL BLOCK_COPY
      |      |    |  Z80:18cyc R800:5cyc
      |000547|0647|  CD 99 03
------+------+----+----------------------------------
   205|      |    |CALL PUT_STATUS
      |      |    |  Z80:18cyc R800:5cyc
      |00054A|064A|  CD 99 06
------+------+----+----------------------------------
   208|      |    |LD HL, ATTRIBUTE
      |      |    |  Z80:11cyc R800:3cyc
      |00054D|064D|  21 E6 06
------+------+----+----------------------------------
   209|      |    |LD DE, 0x1B00 + 4 * 25
      |      |    |  Z80:11cyc R800:3cyc
      |000550|0650|  11 64 1B
------+------+----+----------------------------------
   210|      |    |LD BC, 4
      |      |    |  Z80:11cyc R800:3cyc
      |000553|0653|  01 04 00
------+------+----+----------------------------------
   211|      |    |CALL BLOCK_COPY
      |      |    |  Z80:18cyc R800:5cyc
      |000556|0656|  CD 99 03
------+------+----+----------------------------------
   212|      |    |CALL PUT_STATUS
      |      |    |  Z80:18cyc R800:5cyc
      |000559|0659|  CD 99 06
------+------+----+----------------------------------
   215|      |    |LD HL, ATTRIBUTE
      |      |    |  Z80:11cyc R800:3cyc
      |00055C|065C|  21 E6 06
------+------+----+----------------------------------
   216|      |    |LD DE, 0x1B00 + 4 * 20
      |      |    |  Z80:11cyc R800:3cyc
      |00055F|065F|  11 50 1B
------+------+----+----------------------------------
   217|      |    |LD BC, 4
      |      |    |  Z80:11cyc R800:3cyc
      |000562|0662|  01 04 00
------+------+----+----------------------------------
   218|      |    |CALL BLOCK_COPY
      |      |    |  Z80:18cyc R800:5cyc
      |000565|0665|  CD 99 03
------+------+----+----------------------------------
   219|      |    |CALL PUT_STATUS
      |      |    |  Z80:18cyc R800:5cyc
      |000568|0668|  CD 99 06
------+------+----+----------------------------------
   222|      |    |LD HL, ATTRIBUTE
      |      |    |  Z80:11cyc R800:3cyc
      |00056B|066B|  21 E6 06
------+------+----+----------------------------------
   223|      |    |LD DE, 0x1B00 + 4 * 15
      |      |    |  Z80:11cyc R800:3cyc
      |00056E|066E|  11 3C 1B
------+------+----+----------------------------------
   224|      |    |LD BC, 4
      |      |    |  Z80:11cyc R800:3cyc
      |000571|0671|  01 04 00
------+------+----+----------------------------------
   225|      |    |CALL BLOCK_COPY
      |      |    |  Z80:18cyc R800:5cyc
      |000574|0674|  CD 99 03
------+------+----+----------------------------------
   226|      |    |CALL PUT_STATUS
      |      |    |  Z80:18cyc R800:5cyc
      |000577|0677|  CD 99 06
------+------+----+----------------------------------
   229|      |    |LD HL, ATTRIBUTE
      |      |    |  Z80:11cyc R800:3cyc
      |00057A|067A|  21 E6 06
------+------+----+----------------------------------
   230|      |    |LD DE, 0x1B00 + 4 * 10
      |      |    |  Z80:11cyc R800:3cyc
      |00057D|067D|  11 28 1B
------+------+----+----------------------------------
   231|      |    |LD BC, 4
      |      |    |  Z80:11cyc R800:3cyc
      |000580|0680|  01 04 00
------+------+----+----------------------------------
   232|      |    |CALL BLOCK_COPY
      |      |    |  Z80:18cyc R800:5cyc
      |000583|0683|  CD 99 03
------+------+----+----------------------------------
   233|      |    |CALL PUT_STATUS
      |      |    |  Z80:18cyc R800:5cyc
      |000586|0686|  CD 99 06
------+------+----+----------------------------------
   236|      |    |LD HL, ATTRIBUTE
      |      |    |  Z80:11cyc R800:3cyc
      |000589|0689|  21 E6 06
------+------+----+----------------------------------
   237|      |    |LD DE, 0x1B00 + 4 * 5
      |      |    |  Z80:11cyc R800:3cyc
      |00058C|068C|  11 14 1B
------+------+----+----------------------------------
   238|      |    |LD BC, 4
      |      |    |  Z80:11cyc R800:3cyc
      |00058F|068F|  01 04 00
------+------+----+----------------------------------
   239|      |    |CALL BLOCK_COPY
      |      |    |  Z80:18cyc R800:5cyc
      |000592|0692|  CD 99 03
------+------+----+----------------------------------
   240|      |    |CALL PUT_STATUS
      |      |    |  Z80:18cyc R800:5cyc
      |000595|0695|  CD 99 06
------+------+----+----------------------------------
   242|      |    |RET
      |      |    |  Z80:11cyc R800:5cyc
      |000598|0698|  C9
------+------+----+----------------------------------
   244|      |    |PUT_STATUS :
      |      |    |  label [SP1_PATTERN_TEST1:PUT_STATUS] address: 0x000699
------+------+----+----------------------------------
   246|      |    |LD E, 0
      |      |    |  Z80:8cyc R800:2cyc
      |000599|0699|  1E 00
------+------+----+----------------------------------
   247|      |    |CALL READ_STATUS_REGISTER
      |      |    |  Z80:18cyc R800:5cyc
      |00059B|069B|  CD B5 01
------+------+----+----------------------------------
   249|      |    |CALL WAIT
      |      |    |  Z80:18cyc R800:5cyc
      |00059E|069E|  CD FF 05
------+------+----+----------------------------------
   250|      |    |CALL WAIT
      |      |    |  Z80:18cyc R800:5cyc
      |0005A1|06A1|  CD FF 05
------+------+----+----------------------------------
   251|      |    |CALL WAIT
      |      |    |  Z80:18cyc R800:5cyc
      |0005A4|06A4|  CD FF 05
------+------+----+----------------------------------
   253|      |    |LD E, 0
      |      |    |  Z80:8cyc R800:2cyc
      |0005A7|06A7|  1E 00
------+------+----+----------------------------------
   254|      |    |CALL READ_STATUS_REGISTER
      |      |    |  Z80:18cyc R800:5cyc
      |0005A9|06A9|  CD B5 01
------+------+----+----------------------------------
   255|      |    |LD A, E
      |      |    |  Z80:5cyc R800:2cyc
      |0005AC|06AC|  7B
------+------+----+----------------------------------
   257|      |    |LD HL, 0x1800 + 21 * 32
      |      |    |  Z80:11cyc R800:3cyc
      |0005AD|06AD|  21 A0 1A
------+------+----+----------------------------------
   258|      |    |LD DE, S_MESSAGE
      |      |    |  Z80:11cyc R800:3cyc
      |0005B0|06B0|  11 C9 06
------+------+----+----------------------------------
   259|      |    |CALL PUT_HEX
      |      |    |  Z80:18cyc R800:5cyc
      |0005B3|06B3|  CD AE 04
------+------+----+----------------------------------
   261|      |    |LD E, 0
      |      |    |  Z80:8cyc R800:2cyc
      |0005B6|06B6|  1E 00
------+------+----+----------------------------------
   262|      |    |CALL READ_STATUS_REGISTER
      |      |    |  Z80:18cyc R800:5cyc
      |0005B8|06B8|  CD B5 01
------+------+----+----------------------------------
   263|      |    |LD A, E
      |      |    |  Z80:5cyc R800:2cyc
      |0005BB|06BB|  7B
------+------+----+----------------------------------
   265|      |    |LD HL, 0x1800 + 21 * 32 + 3
      |      |    |  Z80:11cyc R800:3cyc
      |0005BC|06BC|  21 A3 1A
------+------+----+----------------------------------
   266|      |    |LD DE, S_MESSAGE
      |      |    |  Z80:11cyc R800:3cyc
      |0005BF|06BF|  11 C9 06
------+------+----+----------------------------------
   267|      |    |CALL PUT_HEX
      |      |    |  Z80:18cyc R800:5cyc
      |0005C2|06C2|  CD AE 04
------+------+----+----------------------------------
   268|      |    |CALL WAIT_PUSH_SPACE_KEY
      |      |    |  Z80:18cyc R800:5cyc
      |0005C5|06C5|  CD 9E 02
------+------+----+----------------------------------
   269|      |    |RET
      |      |    |  Z80:11cyc R800:5cyc
      |0005C8|06C8|  C9
------+------+----+----------------------------------
   270|      |    |S_MESSAGE :
      |      |    |  label [SP1_PATTERN_TEST1:S_MESSAGE] address: 0x0006c9
------+------+----+----------------------------------
   271|      |    |DB "[T001] 16x16 5th Sprite Test", 0
      |0005C9|06C9|  5B 54 30 30 31 5D 20 31
      |0005D1|06D1|  36 78 31 36 20 35 74 68
      |0005D9|06D9|  20 53 70 72 69 74 65 20
      |0005E1|06E1|  54 65 73 74 00
------+------+----+----------------------------------
   272|      |    |ATTRIBUTE :
      |      |    |  label [SP1_PATTERN_TEST1:ATTRIBUTE] address: 0x0006e6
------+------+----+----------------------------------
   273|      |    |DB 0
      |0005E6|06E6|  00
------+------+----+----------------------------------
   274|      |    |DB 16 * 0
      |0005E7|06E7|  00
------+------+----+----------------------------------
   275|      |    |DB 'A'
      |0005E8|06E8|  41
------+------+----+----------------------------------
   276|      |    |DB 15
      |0005E9|06E9|  0F
------+------+----+----------------------------------
   278|      |    |DB 0
      |0005EA|06EA|  00
------+------+----+----------------------------------
   279|      |    |DB 16 * 1
      |0005EB|06EB|  10
------+------+----+----------------------------------
   280|      |    |DB 'A'
      |0005EC|06EC|  41
------+------+----+----------------------------------
   281|      |    |DB 15
      |0005ED|06ED|  0F
------+------+----+----------------------------------
   283|      |    |DB 0
      |0005EE|06EE|  00
------+------+----+----------------------------------
   284|      |    |DB 16 * 2
      |0005EF|06EF|  20
------+------+----+----------------------------------
   285|      |    |DB 'A'
      |0005F0|06F0|  41
------+------+----+----------------------------------
   286|      |    |DB 15
      |0005F1|06F1|  0F
------+------+----+----------------------------------
   288|      |    |DB 0
      |0005F2|06F2|  00
------+------+----+----------------------------------
   289|      |    |DB 16 * 3
      |0005F3|06F3|  30
------+------+----+----------------------------------
   290|      |    |DB 'A'
      |0005F4|06F4|  41
------+------+----+----------------------------------
   291|      |    |DB 15
      |0005F5|06F5|  0F
------+------+----+----------------------------------
   293|      |    |DB 0
      |0005F6|06F6|  00
------+------+----+----------------------------------
   294|      |    |DB 16 * 4
      |0005F7|06F7|  40
------+------+----+----------------------------------
   295|      |    |DB 'A'
      |0005F8|06F8|  41
------+------+----+----------------------------------
   296|      |    |DB 15
      |0005F9|06F9|  0F
------+------+----+----------------------------------
   298|      |    |DB 16
      |0005FA|06FA|  10
------+------+----+----------------------------------
   299|      |    |DB 16 * 0
      |0005FB|06FB|  00
------+------+----+----------------------------------
   300|      |    |DB 'A'
      |0005FC|06FC|  41
------+------+----+----------------------------------
   301|      |    |DB 15
      |0005FD|06FD|  0F
------+------+----+----------------------------------
   303|      |    |DB 16
      |0005FE|06FE|  10
------+------+----+----------------------------------
   304|      |    |DB 16 * 1
      |0005FF|06FF|  10
------+------+----+----------------------------------
   305|      |    |DB 'A'
      |000600|0700|  41
------+------+----+----------------------------------
   306|      |    |DB 15
      |000601|0701|  0F
------+------+----+----------------------------------
   308|      |    |DB 16
      |000602|0702|  10
------+------+----+----------------------------------
   309|      |    |DB 16 * 2
      |000603|0703|  20
------+------+----+----------------------------------
   310|      |    |DB 'A'
      |000604|0704|  41
------+------+----+----------------------------------
   311|      |    |DB 15
      |000605|0705|  0F
------+------+----+----------------------------------
   313|      |    |DB 16
      |000606|0706|  10
------+------+----+----------------------------------
   314|      |    |DB 16 * 3
      |000607|0707|  30
------+------+----+----------------------------------
   315|      |    |DB 'A'
      |000608|0708|  41
------+------+----+----------------------------------
   316|      |    |DB 15
      |000609|0709|  0F
------+------+----+----------------------------------
   318|      |    |DB 16
      |00060A|070A|  10
------+------+----+----------------------------------
   319|      |    |DB 16 * 4
      |00060B|070B|  40
------+------+----+----------------------------------
   320|      |    |DB 'A'
      |00060C|070C|  41
------+------+----+----------------------------------
   321|      |    |DB 15
      |00060D|070D|  0F
------+------+----+----------------------------------
   323|      |    |DB 32
      |00060E|070E|  20
------+------+----+----------------------------------
   324|      |    |DB 16 * 0
      |00060F|070F|  00
------+------+----+----------------------------------
   325|      |    |DB 'A'
      |000610|0710|  41
------+------+----+----------------------------------
   326|      |    |DB 15
      |000611|0711|  0F
------+------+----+----------------------------------
   328|      |    |DB 32
      |000612|0712|  20
------+------+----+----------------------------------
   329|      |    |DB 16 * 1
      |000613|0713|  10
------+------+----+----------------------------------
   330|      |    |DB 'A'
      |000614|0714|  41
------+------+----+----------------------------------
   331|      |    |DB 15
      |000615|0715|  0F
------+------+----+----------------------------------
   333|      |    |DB 32
      |000616|0716|  20
------+------+----+----------------------------------
   334|      |    |DB 16 * 2
      |000617|0717|  20
------+------+----+----------------------------------
   335|      |    |DB 'A'
      |000618|0718|  41
------+------+----+----------------------------------
   336|      |    |DB 15
      |000619|0719|  0F
------+------+----+----------------------------------
   338|      |    |DB 32
      |00061A|071A|  20
------+------+----+----------------------------------
   339|      |    |DB 16 * 3
      |00061B|071B|  30
------+------+----+----------------------------------
   340|      |    |DB 'A'
      |00061C|071C|  41
------+------+----+----------------------------------
   341|      |    |DB 15
      |00061D|071D|  0F
------+------+----+----------------------------------
   343|      |    |DB 32
      |00061E|071E|  20
------+------+----+----------------------------------
   344|      |    |DB 16 * 4
      |00061F|071F|  40
------+------+----+----------------------------------
   345|      |    |DB 'A'
      |000620|0720|  41
------+------+----+----------------------------------
   346|      |    |DB 15
      |000621|0721|  0F
------+------+----+----------------------------------
   348|      |    |DB 48
      |000622|0722|  30
------+------+----+----------------------------------
   349|      |    |DB 16 * 0
      |000623|0723|  00
------+------+----+----------------------------------
   350|      |    |DB 'A'
      |000624|0724|  41
------+------+----+----------------------------------
   351|      |    |DB 15
      |000625|0725|  0F
------+------+----+----------------------------------
   353|      |    |DB 48
      |000626|0726|  30
------+------+----+----------------------------------
   354|      |    |DB 16 * 1
      |000627|0727|  10
------+------+----+----------------------------------
   355|      |    |DB 'A'
      |000628|0728|  41
------+------+----+----------------------------------
   356|      |    |DB 15
      |000629|0729|  0F
------+------+----+----------------------------------
   358|      |    |DB 48
      |00062A|072A|  30
------+------+----+----------------------------------
   359|      |    |DB 16 * 2
      |00062B|072B|  20
------+------+----+----------------------------------
   360|      |    |DB 'A'
      |00062C|072C|  41
------+------+----+----------------------------------
   361|      |    |DB 15
      |00062D|072D|  0F
------+------+----+----------------------------------
   363|      |    |DB 48
      |00062E|072E|  30
------+------+----+----------------------------------
   364|      |    |DB 16 * 3
      |00062F|072F|  30
------+------+----+----------------------------------
   365|      |    |DB 'A'
      |000630|0730|  41
------+------+----+----------------------------------
   366|      |    |DB 15
      |000631|0731|  0F
------+------+----+----------------------------------
   368|      |    |DB 48
      |000632|0732|  30
------+------+----+----------------------------------
   369|      |    |DB 16 * 4
      |000633|0733|  40
------+------+----+----------------------------------
   370|      |    |DB 'A'
      |000634|0734|  41
------+------+----+----------------------------------
   371|      |    |DB 15
      |000635|0735|  0F
------+------+----+----------------------------------
   373|      |    |DB 64
      |000636|0736|  40
------+------+----+----------------------------------
   374|      |    |DB 16 * 0
      |000637|0737|  00
------+------+----+----------------------------------
   375|      |    |DB 'A'
      |000638|0738|  41
------+------+----+----------------------------------
   376|      |    |DB 15
      |000639|0739|  0F
------+------+----+----------------------------------
   378|      |    |DB 64
      |00063A|073A|  40
------+------+----+----------------------------------
   379|      |    |DB 16 * 1
      |00063B|073B|  10
------+------+----+----------------------------------
   380|      |    |DB 'A'
      |00063C|073C|  41
------+------+----+----------------------------------
   381|      |    |DB 15
      |00063D|073D|  0F
------+------+----+----------------------------------
   383|      |    |DB 64
      |00063E|073E|  40
------+------+----+----------------------------------
   384|      |    |DB 16 * 2
      |00063F|073F|  20
------+------+----+----------------------------------
   385|      |    |DB 'A'
      |000640|0740|  41
------+------+----+----------------------------------
   386|      |    |DB 15
      |000641|0741|  0F
------+------+----+----------------------------------
   388|      |    |DB 64
      |000642|0742|  40
------+------+----+----------------------------------
   389|      |    |DB 16 * 3
      |000643|0743|  30
------+------+----+----------------------------------
   390|      |    |DB 'A'
      |000644|0744|  41
------+------+----+----------------------------------
   391|      |    |DB 15
      |000645|0745|  0F
------+------+----+----------------------------------
   393|      |    |DB 64
      |000646|0746|  40
------+------+----+----------------------------------
   394|      |    |DB 16 * 4
      |000647|0747|  40
------+------+----+----------------------------------
   395|      |    |DB 'A'
      |000648|0748|  41
------+------+----+----------------------------------
   396|      |    |DB 15
      |000649|0749|  0F
------+------+----+----------------------------------
   398|      |    |DB 80
      |00064A|074A|  50
------+------+----+----------------------------------
   399|      |    |DB 16 * 0
      |00064B|074B|  00
------+------+----+----------------------------------
   400|      |    |DB 'A'
      |00064C|074C|  41
------+------+----+----------------------------------
   401|      |    |DB 15
      |00064D|074D|  0F
------+------+----+----------------------------------
   403|      |    |DB 80
      |00064E|074E|  50
------+------+----+----------------------------------
   404|      |    |DB 16 * 1
      |00064F|074F|  10
------+------+----+----------------------------------
   405|      |    |DB 'A'
      |000650|0750|  41
------+------+----+----------------------------------
   406|      |    |DB 15
      |000651|0751|  0F
------+------+----+----------------------------------
   408|      |    |DB 80
      |000652|0752|  50
------+------+----+----------------------------------
   409|      |    |DB 16 * 2
      |000653|0753|  20
------+------+----+----------------------------------
   410|      |    |DB 'A'
      |000654|0754|  41
------+------+----+----------------------------------
   411|      |    |DB 15
      |000655|0755|  0F
------+------+----+----------------------------------
   413|      |    |DB 80
      |000656|0756|  50
------+------+----+----------------------------------
   414|      |    |DB 16 * 3
      |000657|0757|  30
------+------+----+----------------------------------
   415|      |    |DB 'A'
      |000658|0758|  41
------+------+----+----------------------------------
   416|      |    |DB 15
      |000659|0759|  0F
------+------+----+----------------------------------
   418|      |    |DB 80
      |00065A|075A|  50
------+------+----+----------------------------------
   419|      |    |DB 16 * 4
      |00065B|075B|  40
------+------+----+----------------------------------
   420|      |    |DB 'A'
      |00065C|075C|  41
------+------+----+----------------------------------
   421|      |    |DB 15
      |00065D|075D|  0F
------+------+----+----------------------------------
   423|      |    |DB 96
      |00065E|075E|  60
------+------+----+----------------------------------
   424|      |    |DB 16 * 0
      |00065F|075F|  00
------+------+----+----------------------------------
   425|      |    |DB 'A'
      |000660|0760|  41
------+------+----+----------------------------------
   426|      |    |DB 15
      |000661|0761|  0F
------+------+----+----------------------------------
   428|      |    |DB 96
      |000662|0762|  60
------+------+----+----------------------------------
   429|      |    |DB 16 * 1
      |000663|0763|  10
------+------+----+----------------------------------
   430|      |    |DB 'A'
      |000664|0764|  41
------+------+----+----------------------------------
   431|      |    |DB 15
      |000665|0765|  0F
------+------+----+----------------------------------
   432|      |    |ENDSCOPE
      |      |    |  Exit scope: SP1_PATTERN_TEST1:
------+------+----+----------------------------------
<< label >>
BDOS .................................. 5 ( 0x5 )
BLINK ................................. 1093 ( 0x445 )
BLOCK_COPY ............................ 921 ( 0x399 )
BLOCK_COPY:LOOP ....................... 926 ( 0x39e )
CALSLT ................................ 28 ( 0x1c )
CHGCPU ................................ 384 ( 0x180 )
CHGMOD ................................ 95 ( 0x5f )
CLEAR_KEY_BUFFER ...................... 1341 ( 0x53d )
CLS ................................... 1512 ( 0x5e8 )
COMMAND_LINE .......................... 93 ( 0x5d )
COPY_ROM_FONT ......................... 574 ( 0x23e )
COPY_ROM_FONT:CALL_ENASLT ............. 631 ( 0x277 )
COPY_ROM_FONT:COPY_PROGRAM ............ 594 ( 0x252 )
COPY_ROM_FONT:COPY_PROGRAM_END ........ 635 ( 0x27b )
COPY_ROM_FONT:SKIP .................... 615 ( 0x267 )
DISPLAY_ADJUST ........................ 1115 ( 0x45b )
DISPLAY_ADJUST:ADJUST_TABLE ........... 1141 ( 0x475 )
DISPLAY_ADJUST:LOOP ................... 1118 ( 0x45e )
DISPLAY_ADJUST:WAIT_LOOP1 ............. 1125 ( 0x465 )
DISPLAY_ADJUST:WAIT_LOOP2 ............. 1127 ( 0x467 )
ENASLT ................................ 36 ( 0x24 )
FILL_INCREMENT ........................ 882 ( 0x372 )
FILL_INCREMENT:LOOP ................... 887 ( 0x377 )
FILL_RANDOM ........................... 898 ( 0x382 )
FILL_RANDOM:LOOP ...................... 905 ( 0x389 )
FILL_VRAM ............................. 656 ( 0x290 )
FILL_VRAM:LOOP ........................ 659 ( 0x293 )
FINISH_PROCESS ........................ 776 ( 0x308 )
FONT_DATA ............................. 16384 ( 0x4000 )
FONT_PTR .............................. 4 ( 0x4 )
GTTRIG ................................ 216 ( 0xd8 )
HSCROLL ............................... 966 ( 0x3c6 )
HSCROLL2 .............................. 1016 ( 0x3f8 )
HSCROLL2:LOOP ......................... 1032 ( 0x408 )
HSCROLL2:WAIT_LOOP1 ................... 1054 ( 0x41e )
HSCROLL2:WAIT_LOOP2 ................... 1056 ( 0x420 )
HSCROLL:LOOP .......................... 968 ( 0x3c8 )
HSCROLL:WAIT_LOOP1 .................... 990 ( 0x3de )
HSCROLL:WAIT_LOOP2 .................... 992 ( 0x3e0 )
INITIAL_PROCESS ....................... 256 ( 0x100 )
INITIAL_PROCESS:EXIT_SEARCH ........... 274 ( 0x112 )
INITIAL_PROCESS:SEARCH_LOOP ........... 265 ( 0x109 )
INITIAL_PROCESS:UPDATE_LOOP ........... 280 ( 0x118 )
INITIAL_PROCESS:UPDATE_TABLE .......... 295 ( 0x127 )
IO_VDP_PORT0 .......................... 347 ( 0x15b )
IO_VDP_PORT1 .......................... 348 ( 0x15c )
IO_VDP_PORT2 .......................... 349 ( 0x15d )
IO_VDP_PORT3 .......................... 350 ( 0x15e )
IO_VDP_PORT4 .......................... 351 ( 0x15f )
KILBUF ................................ 342 ( 0x156 )
LAST_S2 ............................... 1255 ( 0x4e7 )
LOP_AND ............................... 1 ( 0x1 )
LOP_EOR ............................... 3 ( 0x3 )
LOP_IMP ............................... 0 ( 0x0 )
LOP_NOT ............................... 4 ( 0x4 )
LOP_OR ................................ 2 ( 0x2 )
LOP_TAND .............................. 9 ( 0x9 )
LOP_TEOR .............................. 11 ( 0xb )
LOP_TIMP .............................. 8 ( 0x8 )
LOP_TNOT .............................. 12 ( 0xc )
LOP_TOR ............................... 10 ( 0xa )
MAIN_ROM_SLOT ......................... 64705 ( 0xfcc1 )
PUTS .................................. 1186 ( 0x4a2 )
PUTS:LOOP ............................. 1189 ( 0x4a5 )
PUT_HEX ............................... 1198 ( 0x4ae )
PUT_HEX:PUT_ONE ....................... 1212 ( 0x4bc )
PUT_HEX:PUT_ONE_SKIP .................. 1222 ( 0x4c6 )
P_VDP_PORT0 ........................... 374 ( 0x176 )
P_VDP_PORT1 ........................... 381 ( 0x17d )
P_VDP_PORT10 .......................... 445 ( 0x1bd )
P_VDP_PORT11 .......................... 449 ( 0x1c1 )
P_VDP_PORT12 .......................... 453 ( 0x1c5 )
P_VDP_PORT13 .......................... 456 ( 0x1c8 )
P_VDP_PORT14 .......................... 459 ( 0x1cb )
P_VDP_PORT15 .......................... 462 ( 0x1ce )
P_VDP_PORT16 .......................... 1227 ( 0x4cb )
P_VDP_PORT17 .......................... 429 ( 0x1ad )
P_VDP_PORT18 .......................... 432 ( 0x1b0 )
P_VDP_PORT19 .......................... 435 ( 0x1b3 )
P_VDP_PORT2 ........................... 405 ( 0x195 )
P_VDP_PORT3 ........................... 410 ( 0x19a )
P_VDP_PORT4 ........................... 413 ( 0x19d )
P_VDP_PORT5 ........................... 420 ( 0x1a4 )
P_VDP_PORT6 ........................... 423 ( 0x1a7 )
P_VDP_PORT7 ........................... 426 ( 0x1aa )
P_VDP_PORT8 ........................... 439 ( 0x1b7 )
P_VDP_PORT9 ........................... 443 ( 0x1bb )
RAMAD0 ................................ 62273 ( 0xf341 )
RAMAD1 ................................ 62274 ( 0xf342 )
RAMAD2 ................................ 62275 ( 0xf343 )
RAMAD3 ................................ 62276 ( 0xf344 )
READ_STATUS_REGISTER .................. 437 ( 0x1b5 )
READ_VRAM ............................. 455 ( 0x1c7 )
ROM_VERSION ........................... 45 ( 0x2d )
RUN_COMMAND ........................... 1226 ( 0x4ca )
SCREEN1 ............................... 1397 ( 0x575 )
SET_COLOR_TABLE ....................... 474 ( 0x1da )
SET_FONT .............................. 635 ( 0x27b )
SET_FONT:LOOP ......................... 644 ( 0x284 )
SET_PATTERN_GENERATOR_TABLE ........... 562 ( 0x232 )
SET_PATTERN_NAME_TABLE ................ 464 ( 0x1d0 )
SET_SPRITE_ATTRIBUTE_TABLE ............ 510 ( 0x1fe )
SET_SPRITE_PATTERN_GENERATOR_TABLE .... 550 ( 0x226 )
SET_VRAM_READ_ADDRESS ................. 383 ( 0x17f )
SET_VRAM_WRITE_ADDRESS ................ 352 ( 0x160 )
SP1_PATTERN_TEST1 ..................... 1551 ( 0x60f )
SP1_PATTERN_TEST1:ATTRIBUTE ........... 1766 ( 0x6e6 )
SP1_PATTERN_TEST1:PUT_STATUS .......... 1689 ( 0x699 )
SP1_PATTERN_TEST1:S_MESSAGE ........... 1737 ( 0x6c9 )
START ................................. 1368 ( 0x558 )
VDP_IO_SELECT ......................... 1256 ( 0x4e8 )
VDP_IO_SELECT:EXIT_SEARCH ............. 1270 ( 0x4f6 )
VDP_IO_SELECT:SEARCH_LOOP ............. 1261 ( 0x4ed )
VDP_IO_SELECT:UPDATE_LOOP ............. 1276 ( 0x4fc )
VDP_IO_SELECT:UPDATE_TABLE ............ 1291 ( 0x50b )
VDP_PORT0 ............................. 152 ( 0x98 )
VDP_PORT1 ............................. 153 ( 0x99 )
VDP_PORT2 ............................. 154 ( 0x9a )
VDP_PORT3 ............................. 155 ( 0x9b )
VRAM_BIT16 ............................ 1254 ( 0x4e6 )
VSCROLL ............................... 937 ( 0x3a9 )
VSCROLL:LOOP .......................... 939 ( 0x3ab )
VSCROLL:WAIT_LOOP1 .................... 946 ( 0x3b2 )
VSCROLL:WAIT_LOOP2 .................... 948 ( 0x3b4 )
WAIT .................................. 1535 ( 0x5ff )
WAIT:LOOP ............................. 1545 ( 0x609 )
WAIT_COMMAND .......................... 1239 ( 0x4d7 )
WAIT_PUSH_SPACE_KEY ................... 670 ( 0x29e )
WAIT_PUSH_SPACE_KEY:WAIT_FREE_LOOP .... 670 ( 0x29e )
WAIT_PUSH_SPACE_KEY:WAIT_PRESS_LOOP ... 712 ( 0x2c8 )
WAIT_VSYNC ............................ 755 ( 0x2f3 )
WAIT_VSYNC:WAIT_VSYNC2 ................ 765 ( 0x2fd )
WRITE_CONTROL_REGISTER ................ 412 ( 0x19c )
WRITE_PALETTE ......................... 422 ( 0x1a6 )
WRITE_PALETTE555 ...................... 428 ( 0x1ac )
WRITE_REGISTER ........................ 461 ( 0x1cd )
WRITE_VRAM ............................ 458 ( 0x1ca )
_ALLOC ................................ 27 ( 0x1b )
_AUXIN ................................ 3 ( 0x3 )
_AUXOUT ............................... 4 ( 0x4 )
_BUFIN ................................ 10 ( 0xa )
_CONIN ................................ 1 ( 0x1 )
_CONOUT ............................... 2 ( 0x2 )
_CONST ................................ 11 ( 0xb )
_CPMVER ............................... 12 ( 0xc )
_CURDRV ............................... 25 ( 0x19 )
_DIRIN ................................ 7 ( 0x7 )
_DIRIO ................................ 6 ( 0x6 )
_DPARM ................................ 49 ( 0x31 )
_DSKRST ............................... 13 ( 0xd )
_FCLOSE ............................... 16 ( 0x10 )
_FDEL ................................. 19 ( 0x13 )
_FFIRST ............................... 64 ( 0x40 )
_FMAKE ................................ 22 ( 0x16 )
_FNEW ................................. 66 ( 0x42 )
_FNEXT ................................ 65 ( 0x41 )
_FOPEN ................................ 15 ( 0xf )
_FREN ................................. 23 ( 0x17 )
_FSIZE ................................ 35 ( 0x23 )
_GDATE ................................ 42 ( 0x2a )
_GTIME ................................ 44 ( 0x2c )
_INNOE ................................ 8 ( 0x8 )
_LOGIN ................................ 24 ( 0x18 )
_LSTOUT ............................... 5 ( 0x5 )
_RDABS ................................ 47 ( 0x2f )
_RDBLK ................................ 39 ( 0x27 )
_RDRND ................................ 33 ( 0x21 )
_RDSEQ ................................ 20 ( 0x14 )
_SDATE ................................ 43 ( 0x2b )
_SELDSK ............................... 14 ( 0xe )
_SETDTA ............................... 26 ( 0x1a )
_SETRND ............................... 36 ( 0x24 )
_SFIRST ............................... 17 ( 0x11 )
_SNEXT ................................ 18 ( 0x12 )
_STIME ................................ 45 ( 0x2d )
_STROUT ............................... 9 ( 0x9 )
_TERM0 ................................ 0 ( 0x0 )
_VERIFY ............................... 46 ( 0x2e )
_WRABS ................................ 48 ( 0x30 )
_WRBLK ................................ 38 ( 0x26 )
_WRRND ................................ 34 ( 0x22 )
_WRSEQ ................................ 21 ( 0x15 )
_WRSER ................................ 40 ( 0x28 )
